"subjects"	"S"	"run"	"R"	"rt"
"1"	"left"	"safe"	"right"	0.168428950865529
"1"	"left"	"safe"	"left"	0.513999589783444
"1"	"right"	"safe"	"right"	0.780670346675287
"1"	"left"	"safe"	"left"	0.554399212123761
"1"	"left"	"safe"	"right"	0.16271336012837
"1"	"left"	"safe"	"right"	0.211479182082259
"1"	"left"	"safe"	"right"	0.598862678719518
"1"	"left"	"safe"	"left"	0.299685318749938
"1"	"right"	"safe"	"right"	0.176882929019539
"1"	"right"	"safe"	"right"	0.242616936815312
"1"	"right"	"safe"	"left"	0.24756569381711
"1"	"right"	"safe"	"right"	0.368588381990879
"1"	"left"	"safe"	"left"	0.171313218500979
"1"	"right"	"safe"	"right"	0.250445745113715
"1"	"right"	"safe"	"right"	0.195580722165729
"1"	"left"	"safe"	"left"	0.385987560558004
"1"	"left"	"safe"	"left"	0.342022362860678
"1"	"right"	"safe"	"right"	0.158072166824415
"1"	"left"	"safe"	"left"	0.436195382708613
"1"	"left"	"safe"	"right"	0.242735299775159
"1"	"right"	"safe"	"right"	0.261411672164619
"1"	"left"	"safe"	"left"	0.255642400173367
"1"	"left"	"safe"	"left"	0.598200169195922
"1"	"left"	"safe"	"left"	0.55920929626885
"1"	"right"	"safe"	"right"	0.293109226355381
"1"	"right"	"safe"	"right"	0.17273465834151
"1"	"right"	"safe"	"left"	0.287633450808847
"1"	"right"	"safe"	"right"	0.55587438234584
"1"	"right"	"safe"	"left"	0.332486138488474
"1"	"right"	"safe"	"right"	0.345204155135084
"1"	"left"	"safe"	"right"	0.211933004662119
"1"	"left"	"safe"	"left"	0.366765809212233
"1"	"right"	"safe"	"right"	0.262147977482349
"1"	"left"	"safe"	"left"	0.190688094647472
"1"	"left"	"safe"	"right"	0.306866843225939
"1"	"right"	"safe"	"right"	0.205145392984956
"1"	"left"	"safe"	"left"	0.193659245774595
"1"	"left"	"safe"	"left"	0.371883743459697
"1"	"right"	"safe"	"right"	0.385787406122284
"1"	"left"	"safe"	"right"	0.323910172043397
"1"	"right"	"safe"	"left"	0.263233533067579
"1"	"left"	"safe"	"left"	0.180700174141565
"1"	"right"	"safe"	"right"	0.252088545176761
"1"	"left"	"safe"	"left"	0.527705892394841
"1"	"right"	"safe"	"right"	0.288724137734716
"1"	"right"	"safe"	"right"	0.166753182871764
"1"	"right"	"safe"	"right"	0.315539921974303
"1"	"left"	"safe"	"left"	0.170763394799926
"1"	"right"	"safe"	"right"	0.763429992166696
"1"	"right"	"safe"	"right"	0.189904022756609
"1"	"left"	"safe"	"right"	0.568064688516314
"1"	"right"	"safe"	"left"	0.175493007172408
"1"	"left"	"safe"	"left"	0.184706998119736
"1"	"left"	"safe"	"left"	0.209194111476988
"1"	"left"	"safe"	"left"	0.190526642480633
"1"	"left"	"safe"	"right"	0.426920298922907
"1"	"right"	"safe"	"right"	0.324527037049575
"1"	"left"	"safe"	"left"	0.368928716147087
"1"	"right"	"safe"	"right"	0.257660678533441
"1"	"left"	"safe"	"right"	0.648494090146968
"1"	"right"	"safe"	"right"	0.254765119074954
"1"	"left"	"safe"	"left"	0.230957204425005
"1"	"left"	"safe"	"left"	0.230922038429298
"1"	"right"	"safe"	"right"	0.276478177285364
"1"	"left"	"safe"	"left"	0.295140509108192
"1"	"right"	"safe"	"right"	0.465250929355921
"1"	"right"	"safe"	"right"	0.323139351549603
"1"	"left"	"safe"	"right"	0.3195370762479
"1"	"right"	"safe"	"right"	0.313662799357605
"1"	"left"	"safe"	"left"	0.459186369552266
"1"	"right"	"safe"	"left"	0.212051956283012
"1"	"left"	"safe"	"left"	0.178240465602944
"1"	"right"	"safe"	"left"	0.167311823280678
"1"	"left"	"safe"	"left"	0.336946729537292
"1"	"left"	"safe"	"left"	0.339503094781654
"1"	"right"	"safe"	"right"	0.715848071801078
"1"	"left"	"safe"	"left"	0.210912987831725
"1"	"right"	"safe"	"right"	0.465169636206032
"1"	"right"	"safe"	"right"	0.238982889398159
"1"	"right"	"safe"	"right"	0.285934087575915
"1"	"right"	"safe"	"right"	0.289614762446117
"1"	"left"	"safe"	"right"	0.611900522603426
"1"	"right"	"safe"	"left"	0.309565651062772
"1"	"left"	"safe"	"left"	0.182171099525527
"1"	"left"	"safe"	"left"	0.181157096068451
"1"	"right"	"safe"	"right"	0.340310464628004
"1"	"left"	"safe"	"right"	0.224901131450858
"1"	"left"	"safe"	"left"	0.211660135627614
"1"	"left"	"safe"	"left"	0.271834143385221
"1"	"left"	"safe"	"left"	0.196326905287001
"1"	"left"	"safe"	"right"	0.554694506494045
"1"	"right"	"safe"	"right"	0.268854839795816
"1"	"left"	"safe"	"left"	0.224700506121183
"1"	"left"	"safe"	"right"	0.333595453036379
"1"	"left"	"safe"	"left"	0.408964826664165
"1"	"right"	"safe"	"right"	0.181873416740247
"1"	"right"	"safe"	"right"	0.330869540236139
"1"	"left"	"safe"	"left"	0.158444884027895
"1"	"left"	"safe"	"left"	0.19495612391343
"1"	"right"	"safe"	"right"	0.362308319947797
"1"	"right"	"safe"	"right"	0.244486074264171
"1"	"right"	"safe"	"right"	0.251138127365084
"1"	"right"	"safe"	"left"	0.476618431588337
"1"	"left"	"safe"	"right"	0.190438164983186
"1"	"right"	"safe"	"right"	0.300659147090895
"1"	"right"	"safe"	"right"	0.459361312786982
"1"	"left"	"safe"	"left"	0.675451789693464
"1"	"right"	"safe"	"left"	0.22354210718698
"1"	"left"	"safe"	"left"	0.485459517189366
"1"	"right"	"safe"	"left"	0.408670894225311
"1"	"left"	"safe"	"left"	0.323654086774133
"1"	"right"	"safe"	"right"	0.375440136201733
"1"	"left"	"safe"	"left"	0.271418459528431
"1"	"right"	"safe"	"right"	0.214137618174387
"1"	"right"	"safe"	"left"	0.387558714298512
"1"	"left"	"safe"	"right"	0.395767466233848
"1"	"right"	"safe"	"left"	0.358054367971789
"1"	"left"	"safe"	"left"	0.344417681605669
"1"	"left"	"safe"	"right"	0.178082409183701
"1"	"right"	"safe"	"left"	0.439510605340845
"1"	"right"	"safe"	"left"	0.199132510251997
"1"	"left"	"safe"	"left"	0.159717670270568
"1"	"right"	"safe"	"left"	0.240113630111917
"1"	"right"	"safe"	"right"	0.366872512898194
"1"	"left"	"safe"	"left"	0.52513360361011
"1"	"left"	"safe"	"left"	0.228462395634535
"1"	"right"	"safe"	"right"	0.309970311453481
"1"	"right"	"safe"	"right"	0.366534629325978
"1"	"right"	"safe"	"right"	0.263546739344384
"1"	"left"	"safe"	"left"	0.244737861274117
"1"	"right"	"safe"	"right"	0.41787511990738
"1"	"left"	"safe"	"left"	0.194958754697088
"1"	"right"	"safe"	"right"	0.582507177733666
"1"	"right"	"safe"	"right"	0.472951642073463
"1"	"right"	"safe"	"left"	0.259588597618951
"1"	"right"	"safe"	"left"	0.418645289700086
"1"	"left"	"safe"	"right"	0.246159815804349
"1"	"left"	"safe"	"left"	0.269893943819939
"1"	"right"	"safe"	"right"	0.207115691058799
"1"	"left"	"safe"	"right"	0.175026972982984
"1"	"right"	"safe"	"right"	0.304129916121811
"1"	"left"	"safe"	"left"	0.225143905569892
"1"	"right"	"safe"	"right"	0.690618109775971
"1"	"left"	"safe"	"left"	0.459306198532112
"1"	"right"	"safe"	"right"	0.348458089920977
"1"	"left"	"safe"	"left"	0.214130464746224
"1"	"left"	"safe"	"left"	0.299052801705856
"1"	"right"	"safe"	"left"	0.161865786087657
"1"	"right"	"safe"	"right"	0.261088532782192
"1"	"left"	"safe"	"left"	0.260074583491414
"1"	"right"	"safe"	"left"	0.30100092565435
"1"	"left"	"safe"	"right"	0.193638600294522
"1"	"right"	"safe"	"right"	0.238675208720152
"1"	"left"	"safe"	"left"	0.48688674484234
"1"	"right"	"safe"	"right"	0.429347333252458
"1"	"right"	"safe"	"right"	0.214647018120786
"1"	"left"	"safe"	"right"	0.322936073026786
"1"	"right"	"safe"	"right"	0.237992737096154
"1"	"right"	"safe"	"right"	0.315684467349282
"1"	"left"	"safe"	"left"	0.150314885481007
"1"	"right"	"safe"	"right"	0.263984232678762
"1"	"left"	"safe"	"right"	0.214188800952253
"1"	"right"	"safe"	"right"	0.347578785190997
"1"	"left"	"safe"	"left"	0.224229576057281
"1"	"right"	"safe"	"right"	0.573340334196983
"1"	"left"	"safe"	"left"	0.26438503841539
"1"	"right"	"safe"	"right"	0.402805074546997
"1"	"left"	"safe"	"left"	0.263665190497817
"1"	"right"	"safe"	"right"	0.221686566162904
"1"	"left"	"safe"	"left"	0.244577660369139
"1"	"right"	"safe"	"right"	0.253093806697261
"1"	"left"	"safe"	"right"	0.221638706701768
"1"	"left"	"safe"	"left"	0.212971393111364
"1"	"left"	"safe"	"right"	0.310944201782461
"1"	"left"	"safe"	"left"	0.268697680582683
"1"	"left"	"safe"	"left"	0.427073973921286
"1"	"left"	"safe"	"left"	0.236065065897613
"1"	"right"	"safe"	"right"	0.308506460987718
"1"	"left"	"safe"	"left"	0.209563071929567
"1"	"right"	"safe"	"right"	0.357330044908186
"1"	"right"	"safe"	"left"	0.318754201651259
"1"	"right"	"safe"	"left"	0.38706592686511
"1"	"left"	"safe"	"left"	0.775978082491174
"1"	"right"	"safe"	"right"	0.248687112774528
"1"	"left"	"safe"	"left"	0.200716360007755
"1"	"left"	"safe"	"left"	0.175298262197427
"1"	"right"	"safe"	"right"	0.249753069674349
"1"	"right"	"safe"	"right"	0.388776434774177
"1"	"left"	"safe"	"right"	0.239336934117851
"1"	"left"	"safe"	"left"	0.333827604715918
"1"	"left"	"safe"	"right"	0.261591820013935
"1"	"left"	"safe"	"left"	0.260483058721886
"1"	"right"	"safe"	"left"	0.144245860517516
"1"	"right"	"safe"	"left"	0.31121328102964
"1"	"left"	"safe"	"left"	0.180889689396973
"1"	"right"	"safe"	"left"	0.237806111689329
"1"	"right"	"safe"	"right"	0.269581275639439
"1"	"right"	"safe"	"left"	0.224920383224846
"1"	"right"	"safe"	"left"	0.171312748145404
"1"	"left"	"safe"	"left"	0.207204737909489
"1"	"left"	"safe"	"left"	0.532183420260308
"1"	"right"	"safe"	"right"	0.17052069262942
"1"	"left"	"safe"	"left"	0.303651880411047
"1"	"right"	"safe"	"right"	0.207489098056606
"1"	"right"	"safe"	"right"	0.400087276143539
"1"	"left"	"safe"	"right"	0.188074149613363
"1"	"left"	"safe"	"left"	0.300272679516513
"1"	"left"	"safe"	"left"	0.288179117876837
"1"	"left"	"safe"	"left"	0.405810459952987
"1"	"right"	"safe"	"right"	0.17924829051064
"1"	"left"	"safe"	"right"	0.196217378151826
"1"	"left"	"safe"	"right"	0.298499317797515
"1"	"right"	"safe"	"left"	0.224509974287068
"1"	"left"	"safe"	"left"	0.203826187558497
"1"	"left"	"safe"	"right"	0.17196202238723
"1"	"right"	"safe"	"right"	0.188615718868173
"1"	"right"	"safe"	"left"	0.248475270831305
"1"	"left"	"safe"	"right"	0.184395329016224
"1"	"right"	"safe"	"right"	0.342359098868562
"1"	"left"	"safe"	"left"	0.154699503470837
"1"	"right"	"safe"	"right"	0.424504273656514
"1"	"right"	"safe"	"left"	0.342780288644774
"1"	"left"	"safe"	"left"	0.213811575672913
"1"	"right"	"safe"	"right"	0.246955352385828
"1"	"right"	"safe"	"right"	0.401573975845161
"1"	"left"	"safe"	"right"	0.171093422466787
"1"	"right"	"safe"	"right"	0.235280000615547
"1"	"left"	"safe"	"right"	0.250929027127403
"1"	"right"	"safe"	"left"	0.58064354453788
"1"	"right"	"safe"	"right"	0.368989779043434
"1"	"right"	"threat"	"left"	0.25795812973494
"1"	"right"	"threat"	"right"	0.324231200024938
"1"	"right"	"threat"	"right"	0.316744089718624
"1"	"right"	"threat"	"right"	0.462942540150731
"1"	"right"	"threat"	"right"	0.454476291881325
"1"	"right"	"threat"	"right"	0.206294523534968
"1"	"left"	"threat"	"right"	0.21631751029234
"1"	"left"	"threat"	"right"	0.464375186756076
"1"	"left"	"threat"	"right"	1.42363020208463
"1"	"right"	"threat"	"right"	0.44557134118524
"1"	"left"	"threat"	"left"	0.352909198371903
"1"	"left"	"threat"	"right"	0.491219726827792
"1"	"left"	"threat"	"left"	0.451801662898623
"1"	"right"	"threat"	"right"	0.416822733075188
"1"	"right"	"threat"	"left"	0.724993130239592
"1"	"left"	"threat"	"left"	0.195770898594776
"1"	"left"	"threat"	"left"	0.211031867380827
"1"	"right"	"threat"	"right"	0.452139221198353
"1"	"right"	"threat"	"left"	0.682409902794338
"1"	"right"	"threat"	"left"	0.211750506390234
"1"	"left"	"threat"	"left"	0.670285356916477
"1"	"left"	"threat"	"left"	0.564279898571408
"1"	"left"	"threat"	"left"	0.494547529116627
"1"	"right"	"threat"	"right"	0.181396726199393
"1"	"left"	"threat"	"right"	0.306433892160733
"1"	"right"	"threat"	"left"	0.526656928931117
"1"	"left"	"threat"	"left"	0.616071508823972
"1"	"left"	"threat"	"left"	0.523134023326676
"1"	"right"	"threat"	"left"	0.306764156484254
"1"	"left"	"threat"	"left"	0.548587537717641
"1"	"left"	"threat"	"left"	0.458441784241168
"1"	"left"	"threat"	"left"	0.41568274523617
"1"	"left"	"threat"	"right"	0.243166295815085
"1"	"left"	"threat"	"right"	0.278841490550507
"1"	"left"	"threat"	"left"	0.227664743839329
"1"	"left"	"threat"	"left"	0.558761729668964
"1"	"left"	"threat"	"left"	0.297682536249491
"1"	"left"	"threat"	"right"	0.737204911679574
"1"	"right"	"threat"	"right"	0.222275479341357
"1"	"right"	"threat"	"right"	0.331214226846424
"1"	"right"	"threat"	"right"	0.354105311048231
"1"	"right"	"threat"	"right"	0.218411015094689
"1"	"left"	"threat"	"left"	0.203114619479147
"1"	"right"	"threat"	"left"	0.653949651851807
"1"	"left"	"threat"	"right"	0.463959111135603
"1"	"right"	"threat"	"right"	1.06184997188094
"1"	"right"	"threat"	"left"	1.17586236776634
"1"	"left"	"threat"	"right"	0.355084397158804
"1"	"right"	"threat"	"right"	0.322720980917933
"1"	"right"	"threat"	"left"	0.425787741994615
"1"	"right"	"threat"	"right"	0.244016321432932
"1"	"left"	"threat"	"left"	0.501132968663596
"1"	"right"	"threat"	"right"	0.259565077374381
"1"	"left"	"threat"	"left"	0.219438589154228
"1"	"right"	"threat"	"right"	0.475048404807352
"1"	"right"	"threat"	"right"	0.209329627868437
"1"	"right"	"threat"	"right"	0.611577826686064
"1"	"left"	"threat"	"left"	0.310091190607606
"1"	"right"	"threat"	"right"	0.613891140745427
"1"	"right"	"threat"	"right"	0.646483310449785
"1"	"right"	"threat"	"right"	0.198784593588668
"1"	"left"	"threat"	"right"	0.431519176120927
"1"	"right"	"threat"	"left"	0.37216876858741
"1"	"left"	"threat"	"right"	0.447654140657607
"1"	"left"	"threat"	"left"	0.431946553184547
"1"	"right"	"threat"	"right"	0.613568938128706
"1"	"right"	"threat"	"left"	0.250261197167554
"1"	"right"	"threat"	"right"	0.67335398564338
"1"	"right"	"threat"	"left"	0.243546638707156
"1"	"left"	"threat"	"left"	0.493371788717591
"1"	"right"	"threat"	"right"	0.185223439447761
"1"	"left"	"threat"	"right"	0.423284236433184
"1"	"right"	"threat"	"left"	0.219238736903774
"1"	"left"	"threat"	"left"	0.230003829596419
"1"	"right"	"threat"	"right"	0.589092853163201
"1"	"left"	"threat"	"left"	0.349619139357862
"1"	"left"	"threat"	"left"	0.315871766511101
"1"	"left"	"threat"	"right"	0.36795354785923
"1"	"right"	"threat"	"left"	0.236958374479243
"1"	"left"	"threat"	"left"	0.259156836641388
"1"	"left"	"threat"	"left"	0.480968506384633
"1"	"right"	"threat"	"left"	0.195038878373638
"1"	"left"	"threat"	"left"	0.272577353135592
"1"	"left"	"threat"	"left"	0.28656199135958
"1"	"right"	"threat"	"right"	0.24005462065341
"1"	"right"	"threat"	"right"	0.23202413294436
"1"	"left"	"threat"	"right"	0.712802095625177
"1"	"right"	"threat"	"right"	0.249747927325258
"1"	"left"	"threat"	"left"	0.320623490021759
"1"	"right"	"threat"	"right"	0.348965824089543
"1"	"left"	"threat"	"left"	0.398094324879248
"1"	"left"	"threat"	"left"	0.275610319482857
"1"	"left"	"threat"	"left"	0.302050457543746
"1"	"left"	"threat"	"left"	0.174192422032703
"1"	"left"	"threat"	"left"	0.263877632594171
"1"	"right"	"threat"	"right"	0.478792243973054
"1"	"right"	"threat"	"right"	0.211253557644103
"1"	"right"	"threat"	"right"	0.353149612958596
"1"	"left"	"threat"	"left"	0.315304133386268
"1"	"left"	"threat"	"left"	0.297441495093374
"1"	"left"	"threat"	"left"	0.342211963240614
"1"	"left"	"threat"	"right"	0.592014892403398
"1"	"left"	"threat"	"right"	0.22496552155997
"1"	"left"	"threat"	"left"	0.461163081708828
"1"	"right"	"threat"	"right"	0.155299427229165
"1"	"right"	"threat"	"right"	0.617677774976606
"1"	"left"	"threat"	"left"	0.22417899501188
"1"	"left"	"threat"	"left"	0.509907555370573
"1"	"right"	"threat"	"left"	0.357853495073971
"1"	"right"	"threat"	"left"	0.225061229417626
"1"	"left"	"threat"	"left"	0.486534333893041
"1"	"left"	"threat"	"right"	0.315168739178904
"1"	"right"	"threat"	"right"	0.259107031528936
"1"	"left"	"threat"	"left"	0.263341667470233
"1"	"right"	"threat"	"right"	0.223804329461307
"1"	"right"	"threat"	"right"	0.593120459193609
"1"	"left"	"threat"	"left"	0.26735984384979
"1"	"right"	"threat"	"right"	0.30698937281537
"1"	"right"	"threat"	"left"	1.13756929365615
"1"	"right"	"threat"	"left"	0.185496849903731
"1"	"right"	"threat"	"right"	0.369029057068367
"1"	"left"	"threat"	"left"	0.833259748229291
"1"	"right"	"threat"	"right"	0.292004954927447
"1"	"right"	"threat"	"right"	0.385612002108229
"1"	"left"	"threat"	"right"	0.754761907720544
"1"	"left"	"threat"	"left"	0.280313952255986
"1"	"left"	"threat"	"left"	0.704263185405761
"1"	"right"	"threat"	"right"	0.229979918117885
"1"	"left"	"threat"	"left"	1.06857290464448
"1"	"left"	"threat"	"right"	0.453566709863
"1"	"right"	"threat"	"right"	0.536782084386633
"1"	"right"	"threat"	"right"	0.619874444794603
"1"	"right"	"threat"	"right"	0.288753904604742
"1"	"right"	"threat"	"left"	0.246957202600051
"1"	"right"	"threat"	"left"	0.712904930298232
"1"	"left"	"threat"	"left"	0.171162645866869
"1"	"left"	"threat"	"right"	0.832157918155151
"1"	"left"	"threat"	"left"	0.285293854519398
"1"	"left"	"threat"	"left"	0.474214569950494
"1"	"left"	"threat"	"left"	0.32766986420473
"1"	"right"	"threat"	"left"	0.374847078470545
"1"	"left"	"threat"	"left"	0.531504392413413
"1"	"right"	"threat"	"right"	0.183063719837423
"1"	"right"	"threat"	"left"	0.416447291450361
"1"	"left"	"threat"	"left"	0.223565384520653
"1"	"left"	"threat"	"right"	0.344484452420531
"1"	"left"	"threat"	"right"	0.429940531560088
"1"	"left"	"threat"	"left"	0.195633688380116
"1"	"right"	"threat"	"right"	0.315148930868789
"1"	"right"	"threat"	"left"	0.803693829175295
"1"	"left"	"threat"	"right"	0.351857841175507
"1"	"right"	"threat"	"right"	0.321275262824586
"1"	"left"	"threat"	"left"	0.559721522228722
"1"	"right"	"threat"	"left"	0.416861923154579
"1"	"right"	"threat"	"right"	0.210004560478141
"1"	"right"	"threat"	"right"	0.205700064231947
"1"	"left"	"threat"	"left"	0.356331019551548
"1"	"right"	"threat"	"left"	0.309823923054314
"1"	"right"	"threat"	"right"	0.164691076111617
"1"	"left"	"threat"	"left"	0.197083633697608
"1"	"right"	"threat"	"right"	0.635149322686644
"1"	"left"	"threat"	"left"	0.257181293993482
"1"	"right"	"threat"	"right"	0.747265395987947
"1"	"left"	"threat"	"right"	0.344887353061783
"1"	"left"	"threat"	"left"	0.677404322897941
"1"	"right"	"threat"	"right"	0.889123055289667
"1"	"left"	"threat"	"right"	0.279921254665387
"1"	"left"	"threat"	"left"	0.299641684112351
"1"	"left"	"threat"	"left"	0.227590170277281
"1"	"right"	"threat"	"right"	0.258600314121335
"1"	"right"	"threat"	"right"	0.320006115365166
"1"	"left"	"threat"	"left"	0.412527554521014
"1"	"left"	"threat"	"left"	1.19293557240786
"1"	"right"	"threat"	"right"	0.333380432889504
"1"	"right"	"threat"	"left"	0.365714170047919
"1"	"left"	"threat"	"left"	0.269410855977712
"1"	"left"	"threat"	"left"	0.660847162881955
"1"	"right"	"threat"	"right"	0.315003129719579
"1"	"left"	"threat"	"right"	0.556064160071035
"1"	"left"	"threat"	"right"	0.241939949192284
"1"	"right"	"threat"	"right"	0.306255688265124
"1"	"right"	"threat"	"left"	0.449984874264088
"1"	"right"	"threat"	"right"	0.181740891555197
"1"	"left"	"threat"	"left"	0.367599201105774
"1"	"right"	"threat"	"right"	0.197920529745889
"1"	"right"	"threat"	"right"	0.457193694593537
"1"	"left"	"threat"	"left"	0.671010727823415
"1"	"left"	"threat"	"right"	0.884104735649588
"1"	"right"	"threat"	"right"	0.250659983687306
"1"	"left"	"threat"	"left"	1.24881324145021
"1"	"right"	"threat"	"right"	0.216254735495026
"1"	"left"	"threat"	"left"	0.786697499740513
"1"	"right"	"threat"	"left"	0.549709649606776
"1"	"left"	"threat"	"right"	0.222215605706799
"1"	"left"	"threat"	"right"	0.618611092774473
"1"	"right"	"threat"	"left"	1.16510219033869
"1"	"right"	"threat"	"right"	0.694898854537493
"1"	"right"	"threat"	"left"	0.193717560361025
"1"	"left"	"threat"	"left"	0.383150412866877
"1"	"left"	"threat"	"left"	0.732191792014416
"1"	"left"	"threat"	"left"	0.215080291415357
"1"	"right"	"threat"	"left"	0.42015483485833
"1"	"left"	"threat"	"left"	0.309083330309205
"1"	"right"	"threat"	"right"	0.417828969730125
"1"	"right"	"threat"	"right"	0.213738926199159
"1"	"left"	"threat"	"left"	0.599878627935658
"1"	"right"	"threat"	"right"	0.269842159365783
"1"	"left"	"threat"	"left"	0.618643347573533
"1"	"right"	"threat"	"left"	0.229517212299498
"1"	"right"	"threat"	"right"	0.228543280197387
"1"	"right"	"threat"	"right"	0.234634269372251
"1"	"right"	"threat"	"left"	0.308179394773594
"1"	"left"	"threat"	"left"	0.428715067355444
"1"	"left"	"threat"	"left"	1.11713933428374
"1"	"right"	"threat"	"left"	0.285215796201314
"1"	"right"	"threat"	"left"	0.586403762150082
"1"	"right"	"threat"	"right"	0.221219613696773
"1"	"right"	"threat"	"right"	0.377835163685656
"1"	"right"	"threat"	"right"	0.452703201603211
"1"	"right"	"threat"	"right"	0.681261441086429
"1"	"left"	"threat"	"right"	0.329985220557669
"1"	"right"	"threat"	"right"	0.232777083003133
"1"	"right"	"threat"	"right"	0.255067103426766
"1"	"left"	"threat"	"left"	0.281408987660378
"1"	"right"	"threat"	"left"	0.216048709514442
"1"	"left"	"threat"	"left"	0.246434604880833
"1"	"left"	"threat"	"right"	0.396643080110357
"1"	"left"	"threat"	"right"	0.317419633566796
"1"	"left"	"threat"	"left"	1.21745522337049
"1"	"left"	"threat"	"right"	0.666347469339647
"2"	"left"	"safe"	"left"	0.247646057151765
"2"	"right"	"safe"	"right"	0.131855855349148
"2"	"right"	"safe"	"right"	0.178844576815059
"2"	"left"	"safe"	"right"	0.222186411091186
"2"	"right"	"safe"	"right"	0.294655031694294
"2"	"right"	"safe"	"left"	0.293505040191245
"2"	"left"	"safe"	"right"	0.26677103676604
"2"	"right"	"safe"	"right"	0.116100629135173
"2"	"right"	"safe"	"right"	0.729845615344845
"2"	"left"	"safe"	"right"	0.260214603746169
"2"	"right"	"safe"	"left"	0.118652141065208
"2"	"left"	"safe"	"left"	0.22989979654443
"2"	"right"	"safe"	"right"	0.23362196138623
"2"	"right"	"safe"	"right"	0.12170313237972
"2"	"left"	"safe"	"left"	0.223664971853633
"2"	"left"	"safe"	"right"	0.11743810573352
"2"	"left"	"safe"	"left"	0.330489912506877
"2"	"left"	"safe"	"left"	0.165506248934832
"2"	"right"	"safe"	"left"	0.154871735644903
"2"	"left"	"safe"	"right"	0.221050187102704
"2"	"left"	"safe"	"right"	0.192776358290259
"2"	"right"	"safe"	"right"	0.105694802014153
"2"	"left"	"safe"	"left"	0.107242300599865
"2"	"left"	"safe"	"left"	0.252498068789887
"2"	"left"	"safe"	"right"	0.131858294296466
"2"	"left"	"safe"	"right"	0.237691579940672
"2"	"right"	"safe"	"left"	0.121268913262681
"2"	"left"	"safe"	"right"	0.124365063922862
"2"	"right"	"safe"	"right"	0.221196104677861
"2"	"right"	"safe"	"right"	0.16020904437578
"2"	"left"	"safe"	"left"	0.322804815036546
"2"	"right"	"safe"	"left"	0.267795062954448
"2"	"right"	"safe"	"left"	0.267313569897906
"2"	"right"	"safe"	"right"	0.249068989228399
"2"	"left"	"safe"	"left"	0.221302348267176
"2"	"left"	"safe"	"right"	0.249903801834533
"2"	"left"	"safe"	"left"	0.148818103454823
"2"	"right"	"safe"	"left"	0.135527337724041
"2"	"left"	"safe"	"left"	0.318929992254264
"2"	"right"	"safe"	"left"	0.381559782248944
"2"	"left"	"safe"	"right"	0.128993227436966
"2"	"left"	"safe"	"left"	0.149815004768921
"2"	"right"	"safe"	"left"	0.285765286985431
"2"	"right"	"safe"	"right"	0.117102824828864
"2"	"right"	"safe"	"left"	0.167042608860295
"2"	"right"	"safe"	"left"	0.164630551471478
"2"	"right"	"safe"	"right"	0.186771931387608
"2"	"right"	"safe"	"left"	0.187986241989011
"2"	"right"	"safe"	"right"	0.290858318874394
"2"	"right"	"safe"	"left"	0.19250218327093
"2"	"right"	"safe"	"left"	0.275758361911734
"2"	"left"	"safe"	"right"	0.346094659892777
"2"	"left"	"safe"	"left"	0.260030996034848
"2"	"left"	"safe"	"left"	0.287182283609504
"2"	"right"	"safe"	"left"	0.124384351717538
"2"	"right"	"safe"	"left"	0.182737025172642
"2"	"right"	"safe"	"left"	0.493880263620498
"2"	"left"	"safe"	"left"	0.201113653143306
"2"	"left"	"safe"	"right"	0.177237385499677
"2"	"left"	"safe"	"left"	0.225790273302806
"2"	"right"	"safe"	"left"	0.155478876714825
"2"	"left"	"safe"	"left"	0.161779539286633
"2"	"right"	"safe"	"right"	0.138729895907793
"2"	"left"	"safe"	"left"	0.145996455495002
"2"	"left"	"safe"	"left"	0.127225538069715
"2"	"left"	"safe"	"right"	0.218347718500213
"2"	"left"	"safe"	"left"	0.112635092839594
"2"	"right"	"safe"	"right"	0.208323096062139
"2"	"left"	"safe"	"left"	0.122038488193177
"2"	"left"	"safe"	"right"	0.111666756894333
"2"	"left"	"safe"	"left"	0.108477079506239
"2"	"left"	"safe"	"left"	0.157732216301385
"2"	"left"	"safe"	"left"	0.139139729970098
"2"	"left"	"safe"	"left"	0.232682455246272
"2"	"left"	"safe"	"left"	0.146392903834958
"2"	"right"	"safe"	"right"	0.417941224257669
"2"	"right"	"safe"	"left"	0.197805745887392
"2"	"right"	"safe"	"left"	0.120570614670361
"2"	"left"	"safe"	"left"	0.148760342879156
"2"	"left"	"safe"	"right"	0.160947090388562
"2"	"right"	"safe"	"right"	0.1776604985261
"2"	"left"	"safe"	"right"	0.107567278484817
"2"	"right"	"safe"	"right"	0.111665501870976
"2"	"right"	"safe"	"right"	0.253150285819885
"2"	"left"	"safe"	"left"	0.140342679744565
"2"	"left"	"safe"	"right"	0.185022987429829
"2"	"left"	"safe"	"right"	0.195023071417173
"2"	"right"	"safe"	"right"	0.258981833937787
"2"	"right"	"safe"	"right"	0.149165957632478
"2"	"right"	"safe"	"left"	0.235917383907315
"2"	"left"	"safe"	"left"	0.199339043952772
"2"	"left"	"safe"	"left"	0.284056184574438
"2"	"right"	"safe"	"left"	0.332789881034765
"2"	"left"	"safe"	"left"	0.459631238065933
"2"	"left"	"safe"	"left"	0.178727968293409
"2"	"left"	"safe"	"right"	0.263099458922034
"2"	"left"	"safe"	"right"	0.381490813161792
"2"	"left"	"safe"	"left"	0.45851681677575
"2"	"right"	"safe"	"left"	0.156974078257549
"2"	"left"	"safe"	"right"	0.185851840426382
"2"	"left"	"safe"	"left"	0.149537957680472
"2"	"right"	"safe"	"right"	0.289593328718611
"2"	"right"	"safe"	"right"	0.152781228003035
"2"	"right"	"safe"	"right"	0.175534024945303
"2"	"right"	"safe"	"right"	0.333719526008947
"2"	"right"	"safe"	"left"	0.115189206425449
"2"	"left"	"safe"	"right"	0.347799259526817
"2"	"right"	"safe"	"right"	0.2246408076788
"2"	"left"	"safe"	"left"	0.252221717472677
"2"	"right"	"safe"	"left"	0.102250775966066
"2"	"left"	"safe"	"right"	0.398454032541515
"2"	"right"	"safe"	"right"	0.260564378643163
"2"	"right"	"safe"	"right"	0.144342590019233
"2"	"left"	"safe"	"left"	0.233656263113045
"2"	"right"	"safe"	"left"	0.145581311546131
"2"	"right"	"safe"	"right"	0.127737434134211
"2"	"right"	"safe"	"right"	0.247583996314859
"2"	"right"	"safe"	"right"	0.236350375387776
"2"	"left"	"safe"	"left"	0.206007892040399
"2"	"right"	"safe"	"left"	0.300734386733412
"2"	"right"	"safe"	"right"	0.115602824373759
"2"	"left"	"safe"	"right"	0.258221893790849
"2"	"right"	"safe"	"left"	0.105414936650839
"2"	"left"	"safe"	"right"	0.153497877975506
"2"	"left"	"safe"	"left"	0.114115657912231
"2"	"right"	"safe"	"left"	0.189363792102506
"2"	"right"	"safe"	"right"	0.219571039947469
"2"	"right"	"safe"	"right"	0.185372107614284
"2"	"left"	"safe"	"right"	0.269211733302966
"2"	"left"	"safe"	"left"	0.227553990622779
"2"	"left"	"safe"	"left"	0.107451024343973
"2"	"right"	"safe"	"left"	0.198533469884185
"2"	"left"	"safe"	"right"	0.16151836836903
"2"	"right"	"safe"	"left"	0.194901590286503
"2"	"left"	"safe"	"left"	0.123573452553341
"2"	"right"	"safe"	"right"	0.131214327969307
"2"	"right"	"safe"	"right"	0.28302985376656
"2"	"right"	"safe"	"left"	0.137092367433557
"2"	"right"	"safe"	"left"	0.118705169543956
"2"	"left"	"safe"	"right"	0.144760456682836
"2"	"right"	"safe"	"right"	0.188661108609769
"2"	"right"	"safe"	"left"	0.268227933507894
"2"	"right"	"safe"	"left"	0.135863587764631
"2"	"left"	"safe"	"left"	0.330543863732162
"2"	"left"	"safe"	"left"	0.235262871028166
"2"	"right"	"safe"	"right"	0.130802013180638
"2"	"right"	"safe"	"left"	0.146089586097786
"2"	"right"	"safe"	"right"	0.246243076160934
"2"	"left"	"safe"	"left"	0.155310061150603
"2"	"right"	"safe"	"left"	0.19336164253639
"2"	"right"	"safe"	"right"	0.234100498614511
"2"	"right"	"safe"	"right"	0.248711275553019
"2"	"right"	"safe"	"left"	0.281930689835045
"2"	"left"	"safe"	"right"	0.11090517262527
"2"	"right"	"safe"	"left"	0.20860989487945
"2"	"left"	"safe"	"right"	0.10474496418311
"2"	"left"	"safe"	"left"	0.146802849270462
"2"	"left"	"safe"	"left"	0.137370351030758
"2"	"right"	"safe"	"left"	0.410371239180408
"2"	"right"	"safe"	"left"	0.169397848903519
"2"	"left"	"safe"	"right"	0.115047413479216
"2"	"right"	"safe"	"right"	0.210440534472255
"2"	"left"	"safe"	"left"	0.136645540091946
"2"	"right"	"safe"	"left"	0.138865624334353
"2"	"right"	"safe"	"left"	0.197010715451557
"2"	"left"	"safe"	"left"	0.131281536166906
"2"	"left"	"safe"	"left"	0.136754214599863
"2"	"right"	"safe"	"right"	0.541203246435515
"2"	"left"	"safe"	"left"	0.178545894263881
"2"	"left"	"safe"	"left"	0.155010877061075
"2"	"left"	"safe"	"right"	0.159733134914489
"2"	"left"	"safe"	"right"	0.190146915000194
"2"	"right"	"safe"	"right"	0.194948057523113
"2"	"left"	"safe"	"left"	0.136085909966391
"2"	"right"	"safe"	"left"	0.454839542557503
"2"	"left"	"safe"	"left"	0.215317969817657
"2"	"right"	"safe"	"right"	0.136304829954293
"2"	"right"	"safe"	"right"	0.142409164633317
"2"	"right"	"safe"	"left"	0.145056854250978
"2"	"right"	"safe"	"right"	0.4097745601844
"2"	"right"	"safe"	"left"	0.26096830827906
"2"	"right"	"safe"	"left"	0.114767973038175
"2"	"right"	"safe"	"right"	0.267297674385253
"2"	"right"	"safe"	"right"	0.294682034252977
"2"	"right"	"safe"	"right"	0.125497617227046
"2"	"right"	"safe"	"right"	0.122905078652367
"2"	"right"	"safe"	"right"	0.361785021922573
"2"	"right"	"safe"	"right"	0.137431365096281
"2"	"left"	"safe"	"right"	0.212456773710716
"2"	"left"	"safe"	"left"	0.210238739940931
"2"	"left"	"safe"	"left"	0.229356775604732
"2"	"left"	"safe"	"left"	0.157887767555614
"2"	"left"	"safe"	"left"	0.123548878516888
"2"	"left"	"safe"	"right"	0.113594602651339
"2"	"left"	"safe"	"left"	0.198919124555809
"2"	"left"	"safe"	"right"	0.27881881860474
"2"	"left"	"safe"	"right"	0.150145254799151
"2"	"right"	"safe"	"right"	0.121344610697674
"2"	"left"	"safe"	"left"	0.244981373071838
"2"	"right"	"safe"	"right"	0.13819828086648
"2"	"right"	"safe"	"right"	0.221951537160837
"2"	"left"	"safe"	"left"	0.142210874237045
"2"	"left"	"safe"	"left"	0.158626019901557
"2"	"right"	"safe"	"right"	0.121959493689369
"2"	"right"	"safe"	"right"	0.129716676021764
"2"	"left"	"safe"	"left"	0.15804499319903
"2"	"left"	"safe"	"left"	0.82046130749865
"2"	"right"	"safe"	"left"	0.324230138260056
"2"	"left"	"safe"	"right"	0.159574747686168
"2"	"left"	"safe"	"left"	0.253450806936809
"2"	"right"	"safe"	"right"	0.121066768912788
"2"	"left"	"safe"	"left"	0.107629710425079
"2"	"left"	"safe"	"right"	0.199695863699655
"2"	"left"	"safe"	"right"	0.236231585213899
"2"	"left"	"safe"	"left"	0.402841907972654
"2"	"left"	"safe"	"right"	0.191035601002611
"2"	"right"	"safe"	"right"	0.200510938652354
"2"	"right"	"safe"	"right"	0.218549775529748
"2"	"left"	"safe"	"right"	0.10124265819862
"2"	"left"	"safe"	"right"	0.191390191396718
"2"	"right"	"safe"	"left"	0.21014941512453
"2"	"right"	"safe"	"left"	0.132053417392323
"2"	"left"	"safe"	"left"	0.413107958093536
"2"	"right"	"safe"	"left"	0.27302337165384
"2"	"left"	"safe"	"right"	0.494930689557296
"2"	"left"	"safe"	"right"	0.112211484355877
"2"	"left"	"safe"	"left"	0.179562181232559
"2"	"right"	"safe"	"right"	0.157311017914122
"2"	"left"	"safe"	"left"	0.121469750792195
"2"	"right"	"safe"	"right"	0.146670195164609
"2"	"left"	"threat"	"right"	0.351027848117971
"2"	"left"	"threat"	"left"	0.89419834749888
"2"	"right"	"threat"	"left"	1.67360573118765
"2"	"left"	"threat"	"right"	0.221850579671065
"2"	"left"	"threat"	"left"	0.255751113058522
"2"	"right"	"threat"	"left"	0.328469436674606
"2"	"right"	"threat"	"left"	0.311322642128188
"2"	"left"	"threat"	"left"	0.9737591047135
"2"	"right"	"threat"	"left"	0.691838383092684
"2"	"right"	"threat"	"right"	0.579662215292834
"2"	"right"	"threat"	"left"	0.638034140147479
"2"	"left"	"threat"	"left"	0.635358791451797
"2"	"right"	"threat"	"right"	0.263310419476906
"2"	"left"	"threat"	"left"	1.01111410454895
"2"	"right"	"threat"	"right"	0.58337834746871
"2"	"right"	"threat"	"right"	0.268982444658653
"2"	"left"	"threat"	"left"	0.648028360962249
"2"	"left"	"threat"	"right"	0.527775597288101
"2"	"left"	"threat"	"left"	0.436567628457042
"2"	"right"	"threat"	"right"	1.21871029729039
"2"	"left"	"threat"	"right"	0.173920545485679
"2"	"left"	"threat"	"left"	0.770517575143298
"2"	"left"	"threat"	"right"	0.575435043196521
"2"	"right"	"threat"	"right"	1.0985742618896
"2"	"right"	"threat"	"left"	0.628892300819096
"2"	"left"	"threat"	"left"	1.14387633011291
"2"	"left"	"threat"	"right"	0.28277231953448
"2"	"right"	"threat"	"left"	1.07038278843224
"2"	"right"	"threat"	"right"	0.972107780453375
"2"	"left"	"threat"	"left"	0.998508725067929
"2"	"left"	"threat"	"left"	1.27842619071311
"2"	"left"	"threat"	"left"	0.214421956647644
"2"	"right"	"threat"	"left"	0.739631995392433
"2"	"left"	"threat"	"right"	0.985499599833739
"2"	"left"	"threat"	"left"	0.737116110499047
"2"	"left"	"threat"	"left"	0.180464688001369
"2"	"left"	"threat"	"left"	0.657668644814428
"2"	"left"	"threat"	"right"	0.292990477878826
"2"	"right"	"threat"	"right"	1.63191921138983
"2"	"left"	"threat"	"right"	0.411834389198436
"2"	"left"	"threat"	"left"	0.414161901863504
"2"	"left"	"threat"	"left"	1.28859335939871
"2"	"right"	"threat"	"right"	0.919072344295902
"2"	"left"	"threat"	"right"	0.289227021997458
"2"	"left"	"threat"	"left"	0.193804260362428
"2"	"right"	"threat"	"left"	0.24418867296336
"2"	"right"	"threat"	"right"	0.252195269772699
"2"	"left"	"threat"	"left"	1.0323188152871
"2"	"left"	"threat"	"left"	0.263194951480283
"2"	"left"	"threat"	"left"	1.16070737720367
"2"	"left"	"threat"	"right"	1.57152408419488
"2"	"left"	"threat"	"right"	0.514004783416591
"2"	"left"	"threat"	"left"	0.723310213595235
"2"	"left"	"threat"	"right"	0.527268015638108
"2"	"left"	"threat"	"right"	1.54529401039354
"2"	"right"	"threat"	"right"	0.717842031715328
"2"	"right"	"threat"	"left"	0.741492588414353
"2"	"right"	"threat"	"right"	0.989568344330625
"2"	"left"	"threat"	"left"	0.309513668658186
"2"	"right"	"threat"	"left"	0.197402335847738
"2"	"right"	"threat"	"right"	0.331850080396947
"2"	"right"	"threat"	"right"	1.25809769089886
"2"	"right"	"threat"	"right"	0.971064934958205
"2"	"right"	"threat"	"right"	0.772145844722131
"2"	"left"	"threat"	"right"	0.485316388435034
"2"	"left"	"threat"	"left"	0.394613713419735
"2"	"left"	"threat"	"left"	0.24409459337712
"2"	"left"	"threat"	"right"	1.30515869856844
"2"	"right"	"threat"	"right"	0.987089630962446
"2"	"right"	"threat"	"right"	1.00751354107057
"2"	"left"	"threat"	"left"	0.498926982769446
"2"	"right"	"threat"	"left"	0.856607722176393
"2"	"right"	"threat"	"right"	0.527104630735271
"2"	"right"	"threat"	"right"	0.160308615855197
"2"	"right"	"threat"	"right"	0.786450091747309
"2"	"right"	"threat"	"left"	2.13066484530905
"2"	"left"	"threat"	"left"	0.786736575626661
"2"	"left"	"threat"	"left"	0.241791401989436
"2"	"left"	"threat"	"left"	0.330457636183957
"2"	"left"	"threat"	"left"	0.773514904571187
"2"	"left"	"threat"	"left"	0.241600247478452
"2"	"left"	"threat"	"left"	0.887598230456577
"2"	"left"	"threat"	"left"	0.21471520460968
"2"	"right"	"threat"	"left"	0.861530465371949
"2"	"right"	"threat"	"right"	0.570471640206659
"2"	"left"	"threat"	"right"	0.379452495910995
"2"	"right"	"threat"	"right"	0.405486533904477
"2"	"right"	"threat"	"right"	0.239980512782181
"2"	"right"	"threat"	"left"	0.361248344787502
"2"	"left"	"threat"	"left"	0.763998482489408
"2"	"right"	"threat"	"left"	1.83212849251917
"2"	"left"	"threat"	"right"	1.6203212376192
"2"	"right"	"threat"	"right"	0.287373930145036
"2"	"right"	"threat"	"right"	0.436345693219044
"2"	"left"	"threat"	"left"	0.495431824904094
"2"	"left"	"threat"	"left"	0.781666145852698
"2"	"right"	"threat"	"right"	0.523292933623716
"2"	"right"	"threat"	"left"	0.421496393140967
"2"	"right"	"threat"	"left"	0.483655035312531
"2"	"right"	"threat"	"right"	0.539246472086878
"2"	"right"	"threat"	"right"	0.753554052397836
"2"	"left"	"threat"	"left"	0.841869729493803
"2"	"right"	"threat"	"left"	0.441090663631674
"2"	"right"	"threat"	"right"	0.679014053214867
"2"	"left"	"threat"	"left"	0.545162183137356
"2"	"left"	"threat"	"left"	0.199415097483993
"2"	"right"	"threat"	"right"	0.236096828664757
"2"	"left"	"threat"	"left"	0.585361936850333
"2"	"left"	"threat"	"left"	0.427832614508223
"2"	"right"	"threat"	"right"	0.414050905187939
"2"	"left"	"threat"	"right"	0.388593900820199
"2"	"right"	"threat"	"right"	0.615999455269109
"2"	"right"	"threat"	"right"	0.307095673680539
"2"	"right"	"threat"	"right"	0.51988636204711
"2"	"right"	"threat"	"right"	0.789686622233309
"2"	"left"	"threat"	"left"	0.658933387466826
"2"	"right"	"threat"	"right"	0.704440336280718
"2"	"left"	"threat"	"right"	0.648182370045198
"2"	"left"	"threat"	"right"	0.181372063276926
"2"	"right"	"threat"	"right"	0.442754304224614
"2"	"left"	"threat"	"left"	0.651001585337236
"2"	"right"	"threat"	"right"	0.508468211021816
"2"	"right"	"threat"	"right"	0.425316314367136
"2"	"right"	"threat"	"left"	0.402497328136001
"2"	"right"	"threat"	"right"	0.516908822376197
"2"	"left"	"threat"	"right"	0.743054725042242
"2"	"right"	"threat"	"left"	0.379233284450452
"2"	"right"	"threat"	"right"	1.21109187189585
"2"	"left"	"threat"	"left"	0.436906007066688
"2"	"left"	"threat"	"left"	0.424545244147641
"2"	"left"	"threat"	"right"	1.89088464452919
"2"	"right"	"threat"	"right"	0.259603589874525
"2"	"left"	"threat"	"left"	0.422758171065607
"2"	"right"	"threat"	"right"	0.234711964825476
"2"	"left"	"threat"	"left"	0.314776922811859
"2"	"left"	"threat"	"left"	0.29988697004585
"2"	"left"	"threat"	"left"	1.0072415643546
"2"	"right"	"threat"	"right"	0.21099379868882
"2"	"right"	"threat"	"left"	0.934729169538835
"2"	"left"	"threat"	"right"	1.0955416232273
"2"	"left"	"threat"	"left"	0.838192368511257
"2"	"left"	"threat"	"left"	0.906486624118341
"2"	"right"	"threat"	"right"	0.797794775089206
"2"	"left"	"threat"	"left"	0.391640142835941
"2"	"right"	"threat"	"right"	0.311274867310882
"2"	"left"	"threat"	"left"	1.14272958622979
"2"	"left"	"threat"	"right"	1.73398219854509
"2"	"left"	"threat"	"right"	0.243341889015907
"2"	"left"	"threat"	"left"	0.266062983945893
"2"	"left"	"threat"	"left"	0.871408909333246
"2"	"right"	"threat"	"left"	0.442397403490242
"2"	"right"	"threat"	"right"	1.05195894516907
"2"	"left"	"threat"	"right"	0.989953789443145
"2"	"left"	"threat"	"right"	0.470337608847357
"2"	"left"	"threat"	"left"	0.482643460461488
"2"	"right"	"threat"	"right"	0.559909725460111
"2"	"left"	"threat"	"left"	0.462213467814287
"2"	"right"	"threat"	"left"	0.309065289623643
"2"	"right"	"threat"	"right"	0.544364160175635
"2"	"left"	"threat"	"right"	0.425825331117541
"2"	"left"	"threat"	"left"	2.19907742268353
"2"	"right"	"threat"	"right"	1.38520837006327
"2"	"left"	"threat"	"left"	0.258564294316752
"2"	"right"	"threat"	"right"	0.410571336931198
"2"	"left"	"threat"	"left"	1.18706917074635
"2"	"left"	"threat"	"right"	0.283122131731509
"2"	"right"	"threat"	"right"	0.262246359469982
"2"	"right"	"threat"	"right"	1.45679055672582
"2"	"right"	"threat"	"right"	0.352547011717117
"2"	"right"	"threat"	"right"	0.285991092154072
"2"	"right"	"threat"	"right"	0.405941627478344
"2"	"left"	"threat"	"left"	0.440604550640276
"2"	"right"	"threat"	"right"	0.665111042026094
"2"	"right"	"threat"	"right"	0.572852655493003
"2"	"right"	"threat"	"left"	0.593681518054911
"2"	"right"	"threat"	"left"	0.371297146918715
"2"	"left"	"threat"	"left"	1.460927944021
"2"	"left"	"threat"	"left"	0.276093867318412
"2"	"right"	"threat"	"left"	0.444969656470366
"2"	"right"	"threat"	"right"	0.592680004397141
"2"	"left"	"threat"	"right"	0.376155445683779
"2"	"right"	"threat"	"left"	0.734863559382562
"2"	"right"	"threat"	"right"	0.385241263629547
"2"	"left"	"threat"	"right"	0.463405975709982
"2"	"left"	"threat"	"right"	0.667216285712194
"2"	"right"	"threat"	"left"	0.332917771728095
"2"	"left"	"threat"	"right"	1.19038463802505
"2"	"left"	"threat"	"left"	0.196145240099637
"2"	"right"	"threat"	"right"	0.770199511679205
"2"	"right"	"threat"	"left"	0.91289310868589
"2"	"right"	"threat"	"right"	0.93194398037916
"2"	"left"	"threat"	"right"	0.250385597687107
"2"	"left"	"threat"	"left"	0.926788829140512
"2"	"left"	"threat"	"left"	0.38332722466101
"2"	"right"	"threat"	"right"	0.925419410591706
"2"	"left"	"threat"	"left"	0.544940472264026
"2"	"right"	"threat"	"left"	0.391343839773559
"2"	"left"	"threat"	"left"	0.249833056463548
"2"	"left"	"threat"	"right"	0.399255737952555
"2"	"right"	"threat"	"left"	1.18363705564496
"2"	"right"	"threat"	"left"	0.695981035060669
"2"	"left"	"threat"	"left"	0.484092644708148
"2"	"right"	"threat"	"left"	0.249973052895177
"2"	"right"	"threat"	"left"	0.241745459917118
"2"	"right"	"threat"	"left"	0.629948531418197
"2"	"right"	"threat"	"left"	0.882757483814496
"2"	"right"	"threat"	"left"	2.16796301170949
"2"	"right"	"threat"	"left"	0.366669653252394
"2"	"right"	"threat"	"left"	0.242972583544914
"2"	"right"	"threat"	"right"	0.312857441808956
"2"	"left"	"threat"	"left"	0.204057033153674
"2"	"left"	"threat"	"left"	0.303369125601301
"2"	"right"	"threat"	"right"	0.478059817194326
"2"	"left"	"threat"	"right"	0.179030345970858
"2"	"left"	"threat"	"left"	0.625633253315946
"2"	"right"	"threat"	"right"	0.323060195877698
"2"	"right"	"threat"	"right"	1.90097391969962
"2"	"left"	"threat"	"left"	1.17268039155993
"2"	"left"	"threat"	"left"	1.92879999870418
"2"	"right"	"threat"	"right"	0.600045098670131
"2"	"left"	"threat"	"left"	0.904832696871813
"2"	"right"	"threat"	"left"	0.692562053328113
"2"	"right"	"threat"	"left"	0.988871874944625
"2"	"right"	"threat"	"right"	0.467375800622373
"2"	"right"	"threat"	"right"	0.222078902255642
"2"	"right"	"threat"	"left"	0.209518608721968
"2"	"right"	"threat"	"right"	0.327379584187216
"2"	"left"	"threat"	"left"	0.280419004272955
"2"	"left"	"threat"	"right"	0.700902697579356
"2"	"left"	"threat"	"left"	0.172180469246601
"3"	"right"	"safe"	"left"	0.395604971067469
"3"	"right"	"safe"	"right"	0.359136725185237
"3"	"left"	"safe"	"left"	0.431177796390418
"3"	"right"	"safe"	"right"	0.520852853295792
"3"	"left"	"safe"	"left"	0.351186943851664
"3"	"right"	"safe"	"left"	0.508346608817026
"3"	"right"	"safe"	"right"	0.340111034841181
"3"	"left"	"safe"	"right"	0.364099738359349
"3"	"right"	"safe"	"left"	0.528393166582304
"3"	"left"	"safe"	"right"	0.353407032638577
"3"	"left"	"safe"	"left"	0.514956263490682
"3"	"left"	"safe"	"right"	0.347260894842366
"3"	"left"	"safe"	"left"	0.624867006589604
"3"	"right"	"safe"	"right"	0.347693212094965
"3"	"left"	"safe"	"right"	0.528029650930144
"3"	"left"	"safe"	"left"	0.372597950193803
"3"	"left"	"safe"	"left"	0.684125614275432
"3"	"right"	"safe"	"left"	0.397154460671562
"3"	"left"	"safe"	"right"	0.417859651606421
"3"	"left"	"safe"	"right"	0.538178000330354
"3"	"left"	"safe"	"left"	0.322656210703554
"3"	"left"	"safe"	"left"	0.395241387883392
"3"	"right"	"safe"	"right"	0.474401873131607
"3"	"left"	"safe"	"right"	0.431507885754878
"3"	"left"	"safe"	"right"	0.39119049898446
"3"	"right"	"safe"	"right"	0.406497661794695
"3"	"right"	"safe"	"right"	0.353194276697426
"3"	"left"	"safe"	"right"	0.434027504745798
"3"	"right"	"safe"	"right"	0.462033049709823
"3"	"right"	"safe"	"right"	0.334981643130881
"3"	"right"	"safe"	"left"	0.773451567433487
"3"	"right"	"safe"	"right"	0.799397517054492
"3"	"right"	"safe"	"right"	0.512251181021126
"3"	"left"	"safe"	"right"	0.456253829254882
"3"	"left"	"safe"	"right"	0.518995607573145
"3"	"right"	"safe"	"left"	0.394001695480657
"3"	"left"	"safe"	"right"	0.350708160140445
"3"	"right"	"safe"	"right"	0.468446755246442
"3"	"right"	"safe"	"left"	0.453669059931113
"3"	"left"	"safe"	"left"	0.384111739852876
"3"	"left"	"safe"	"left"	0.507743439989925
"3"	"right"	"safe"	"right"	0.404284274626009
"3"	"right"	"safe"	"right"	0.471719091019054
"3"	"left"	"safe"	"left"	0.470600293108622
"3"	"right"	"safe"	"right"	0.33878601879715
"3"	"left"	"safe"	"left"	0.43911085039713
"3"	"left"	"safe"	"left"	0.354117106891769
"3"	"right"	"safe"	"right"	0.505357968070962
"3"	"right"	"safe"	"right"	0.585592911624299
"3"	"right"	"safe"	"left"	0.395107083919552
"3"	"left"	"safe"	"right"	0.451927511302195
"3"	"left"	"safe"	"left"	0.357716295620896
"3"	"right"	"safe"	"left"	0.326842386151077
"3"	"right"	"safe"	"right"	0.371833416509544
"3"	"right"	"safe"	"left"	0.361830482379158
"3"	"left"	"safe"	"left"	0.437275950373696
"3"	"right"	"safe"	"right"	0.464661315815695
"3"	"left"	"safe"	"left"	0.570516919005809
"3"	"left"	"safe"	"left"	0.433299810851093
"3"	"right"	"safe"	"right"	0.474959033374917
"3"	"left"	"safe"	"left"	0.718720343888462
"3"	"right"	"safe"	"right"	0.470106690516
"3"	"right"	"safe"	"right"	0.617509390473933
"3"	"left"	"safe"	"left"	0.375756803752449
"3"	"right"	"safe"	"left"	0.40807866171444
"3"	"left"	"safe"	"right"	0.419847680318134
"3"	"left"	"safe"	"left"	0.492727490163682
"3"	"right"	"safe"	"left"	0.363567745400336
"3"	"right"	"safe"	"right"	0.592974212792359
"3"	"left"	"safe"	"left"	0.331722973644035
"3"	"left"	"safe"	"left"	0.351143838847418
"3"	"right"	"safe"	"left"	0.338205451837379
"3"	"left"	"safe"	"left"	0.676152566214619
"3"	"left"	"safe"	"left"	0.416083086431224
"3"	"left"	"safe"	"left"	0.346443939528215
"3"	"left"	"safe"	"right"	0.551112711757098
"3"	"left"	"safe"	"right"	0.495366032035991
"3"	"right"	"safe"	"left"	0.468861875494917
"3"	"left"	"safe"	"left"	0.399291565046853
"3"	"right"	"safe"	"left"	0.583110302786368
"3"	"left"	"safe"	"right"	0.32605102318638
"3"	"right"	"safe"	"left"	0.429286627555805
"3"	"right"	"safe"	"left"	0.904390012798525
"3"	"right"	"safe"	"right"	0.396233362493133
"3"	"right"	"safe"	"left"	0.482390294659564
"3"	"right"	"safe"	"right"	0.345443040429762
"3"	"left"	"safe"	"right"	0.414888298349016
"3"	"right"	"safe"	"right"	0.360728122216988
"3"	"right"	"safe"	"right"	0.349749932049968
"3"	"right"	"safe"	"left"	0.524982900179322
"3"	"right"	"safe"	"left"	0.559303425870417
"3"	"right"	"safe"	"right"	0.396599386087777
"3"	"left"	"safe"	"right"	0.421194006461683
"3"	"right"	"safe"	"right"	0.43594568013328
"3"	"left"	"safe"	"right"	0.378318982477062
"3"	"right"	"safe"	"left"	0.852145907763946
"3"	"right"	"safe"	"left"	0.469528046331017
"3"	"right"	"safe"	"right"	0.473930407882364
"3"	"left"	"safe"	"right"	0.711854571762663
"3"	"right"	"safe"	"right"	0.449870452092402
"3"	"right"	"safe"	"right"	0.506190599041572
"3"	"right"	"safe"	"left"	0.490715578487215
"3"	"right"	"safe"	"right"	0.465354673909596
"3"	"left"	"safe"	"right"	0.447378793352299
"3"	"right"	"safe"	"left"	0.528251900694216
"3"	"right"	"safe"	"right"	0.384071607839636
"3"	"right"	"safe"	"right"	0.358985940040965
"3"	"left"	"safe"	"right"	0.443611547881115
"3"	"left"	"safe"	"left"	0.399971775729391
"3"	"left"	"safe"	"left"	0.510321952830243
"3"	"left"	"safe"	"right"	0.421608807529224
"3"	"right"	"safe"	"left"	0.410303518460193
"3"	"left"	"safe"	"left"	0.378583102726091
"3"	"left"	"safe"	"left"	0.447858443427862
"3"	"right"	"safe"	"left"	0.435915200227633
"3"	"right"	"safe"	"right"	0.53547530543537
"3"	"right"	"safe"	"left"	0.377537724810891
"3"	"left"	"safe"	"left"	0.41039817380761
"3"	"right"	"safe"	"left"	0.38716427434374
"3"	"right"	"safe"	"left"	0.354641721027528
"3"	"left"	"safe"	"left"	0.384153608835469
"3"	"left"	"safe"	"left"	0.334904765127197
"3"	"left"	"safe"	"right"	0.373178299090145
"3"	"left"	"safe"	"left"	0.343751344688616
"3"	"left"	"safe"	"right"	0.365806416233896
"3"	"right"	"safe"	"right"	0.3653956544831
"3"	"left"	"safe"	"left"	0.657662471157522
"3"	"right"	"safe"	"left"	0.723083643431572
"3"	"left"	"safe"	"right"	0.561460326440846
"3"	"right"	"safe"	"right"	0.352175073703872
"3"	"left"	"safe"	"left"	0.544280668202524
"3"	"right"	"safe"	"left"	0.358760660747138
"3"	"right"	"safe"	"right"	0.362239536832694
"3"	"left"	"safe"	"left"	0.362451137652971
"3"	"left"	"safe"	"left"	0.510622243938878
"3"	"right"	"safe"	"left"	0.399586423533917
"3"	"left"	"safe"	"left"	0.387901552052824
"3"	"left"	"safe"	"right"	0.493751117566783
"3"	"right"	"safe"	"right"	0.39910112695415
"3"	"left"	"safe"	"right"	0.447654459570416
"3"	"left"	"safe"	"right"	0.390464751870433
"3"	"left"	"safe"	"right"	0.595292233057239
"3"	"left"	"safe"	"left"	0.464441978230827
"3"	"left"	"safe"	"right"	0.341671693144525
"3"	"right"	"safe"	"right"	0.592444447712067
"3"	"right"	"safe"	"left"	0.344223474775658
"3"	"right"	"safe"	"right"	0.334726705394856
"3"	"right"	"safe"	"left"	0.39147973770915
"3"	"right"	"safe"	"right"	0.367608565303343
"3"	"left"	"safe"	"left"	0.32509388397652
"3"	"left"	"safe"	"right"	0.445001516382008
"3"	"right"	"safe"	"left"	0.506172548676608
"3"	"left"	"safe"	"left"	0.399865558583749
"3"	"left"	"safe"	"right"	0.375874324534296
"3"	"right"	"safe"	"right"	0.366404200177903
"3"	"right"	"safe"	"left"	0.488428114007464
"3"	"left"	"safe"	"right"	0.402639141751887
"3"	"right"	"safe"	"left"	0.337434126052572
"3"	"left"	"safe"	"left"	0.910255336706513
"3"	"right"	"safe"	"left"	0.372172412223555
"3"	"left"	"safe"	"left"	0.390447319856188
"3"	"right"	"safe"	"left"	0.320325071809709
"3"	"right"	"safe"	"right"	0.849371648012292
"3"	"right"	"safe"	"right"	0.591380463294342
"3"	"left"	"safe"	"left"	0.492958414676817
"3"	"right"	"safe"	"left"	0.388869105340534
"3"	"left"	"safe"	"right"	0.370565146265759
"3"	"left"	"safe"	"right"	0.403414263038897
"3"	"left"	"safe"	"left"	0.370939008720862
"3"	"left"	"safe"	"right"	0.419505011910157
"3"	"left"	"safe"	"right"	0.346388210236523
"3"	"right"	"safe"	"right"	0.375379973460214
"3"	"left"	"safe"	"left"	0.381867955035603
"3"	"left"	"safe"	"left"	0.461954501479071
"3"	"right"	"safe"	"left"	0.395779110398865
"3"	"right"	"safe"	"left"	0.63185903602911
"3"	"right"	"safe"	"left"	0.576020054137061
"3"	"right"	"safe"	"left"	0.42879031361761
"3"	"left"	"safe"	"left"	0.760361679996336
"3"	"right"	"safe"	"right"	0.363381160062839
"3"	"left"	"safe"	"left"	0.547045251222204
"3"	"right"	"safe"	"right"	0.616483850912922
"3"	"right"	"safe"	"left"	0.380755898091198
"3"	"right"	"safe"	"right"	0.403786482100443
"3"	"right"	"safe"	"right"	0.33756693825784
"3"	"left"	"safe"	"left"	0.942218556436931
"3"	"right"	"safe"	"left"	0.354822134041877
"3"	"left"	"safe"	"left"	0.405094379414487
"3"	"right"	"safe"	"left"	0.391475005296523
"3"	"right"	"safe"	"left"	0.40343346586462
"3"	"left"	"safe"	"right"	0.36186146318174
"3"	"right"	"safe"	"right"	0.38222952120091
"3"	"left"	"safe"	"left"	0.368229538021991
"3"	"right"	"safe"	"right"	0.568466941967815
"3"	"right"	"safe"	"right"	0.384380855500047
"3"	"left"	"safe"	"right"	0.421520816663985
"3"	"left"	"safe"	"right"	0.375311341932627
"3"	"left"	"safe"	"right"	0.459461794984432
"3"	"left"	"safe"	"left"	0.458869625960399
"3"	"right"	"safe"	"right"	0.435145121752113
"3"	"left"	"safe"	"left"	0.516951526474526
"3"	"right"	"safe"	"right"	0.536967839697327
"3"	"left"	"safe"	"left"	0.460791051766898
"3"	"left"	"safe"	"left"	0.342523453335163
"3"	"right"	"safe"	"left"	0.472190442453745
"3"	"left"	"safe"	"right"	0.572485178617414
"3"	"left"	"safe"	"left"	0.58205081563904
"3"	"left"	"safe"	"left"	0.45005451420644
"3"	"right"	"safe"	"left"	0.410607853841281
"3"	"left"	"safe"	"left"	0.770193423469955
"3"	"right"	"safe"	"right"	0.471589919791258
"3"	"left"	"safe"	"right"	0.457271344342287
"3"	"left"	"safe"	"right"	0.470326324415535
"3"	"right"	"safe"	"left"	0.368661228355673
"3"	"left"	"safe"	"left"	0.344644585906496
"3"	"left"	"safe"	"left"	0.563962646908046
"3"	"right"	"safe"	"right"	0.507658642036713
"3"	"left"	"safe"	"right"	0.421132389872642
"3"	"left"	"safe"	"left"	0.499628022011432
"3"	"right"	"safe"	"left"	0.403018395988491
"3"	"right"	"safe"	"right"	0.331165535474566
"3"	"left"	"safe"	"left"	0.34505024051378
"3"	"right"	"safe"	"right"	0.391251731507971
"3"	"right"	"safe"	"right"	0.522682543091721
"3"	"right"	"safe"	"left"	0.445290278772772
"3"	"left"	"safe"	"right"	0.421185056683228
"3"	"left"	"safe"	"right"	0.686406708629659
"3"	"left"	"safe"	"right"	0.341431570107285
"3"	"left"	"safe"	"left"	0.344634690924225
"3"	"right"	"safe"	"left"	0.382513086174506
"3"	"left"	"threat"	"right"	0.624429414096371
"3"	"right"	"threat"	"left"	0.857319383103971
"3"	"left"	"threat"	"right"	0.853614874732872
"3"	"right"	"threat"	"left"	0.69847394064454
"3"	"left"	"threat"	"left"	0.583165206475148
"3"	"left"	"threat"	"left"	0.432854666354555
"3"	"left"	"threat"	"left"	0.445576023041137
"3"	"right"	"threat"	"right"	0.455476051911428
"3"	"right"	"threat"	"right"	0.814625422099639
"3"	"right"	"threat"	"right"	0.872533763113336
"3"	"left"	"threat"	"left"	0.385660643440433
"3"	"right"	"threat"	"right"	0.805026911474102
"3"	"left"	"threat"	"right"	0.553735366148027
"3"	"right"	"threat"	"right"	0.731264838096376
"3"	"right"	"threat"	"left"	1.16010258495686
"3"	"right"	"threat"	"right"	0.497201866379873
"3"	"left"	"threat"	"right"	0.508165120838265
"3"	"right"	"threat"	"left"	0.446096819178201
"3"	"left"	"threat"	"right"	0.361685666349094
"3"	"right"	"threat"	"left"	0.945292268465888
"3"	"right"	"threat"	"left"	0.892027859447557
"3"	"left"	"threat"	"left"	0.453970391217088
"3"	"left"	"threat"	"left"	0.746098134062539
"3"	"right"	"threat"	"left"	0.413718559110785
"3"	"right"	"threat"	"left"	1.04028305368971
"3"	"right"	"threat"	"left"	1.25170794417692
"3"	"right"	"threat"	"left"	0.468973314885821
"3"	"right"	"threat"	"right"	1.02967246457399
"3"	"right"	"threat"	"right"	1.12020165017399
"3"	"left"	"threat"	"left"	0.462703437722315
"3"	"left"	"threat"	"right"	0.767506505400427
"3"	"right"	"threat"	"right"	0.601554202495545
"3"	"right"	"threat"	"left"	0.621737846446028
"3"	"left"	"threat"	"right"	1.06104803983474
"3"	"right"	"threat"	"right"	0.539654496159055
"3"	"left"	"threat"	"left"	0.822264271435289
"3"	"right"	"threat"	"right"	0.458183351348205
"3"	"right"	"threat"	"right"	0.588247029480045
"3"	"left"	"threat"	"right"	0.477309660954083
"3"	"right"	"threat"	"left"	1.39645977627944
"3"	"right"	"threat"	"right"	0.49062667464178
"3"	"right"	"threat"	"right"	0.424000845336589
"3"	"left"	"threat"	"right"	0.779274019932756
"3"	"right"	"threat"	"right"	1.14089245431746
"3"	"left"	"threat"	"left"	0.628166121243938
"3"	"left"	"threat"	"left"	0.733520773240302
"3"	"left"	"threat"	"left"	0.557984900223575
"3"	"left"	"threat"	"right"	0.504890894044161
"3"	"right"	"threat"	"left"	0.739172926792118
"3"	"left"	"threat"	"right"	0.623596672283564
"3"	"left"	"threat"	"left"	0.472338666894798
"3"	"right"	"threat"	"right"	0.483909048576624
"3"	"right"	"threat"	"left"	0.548888090255782
"3"	"left"	"threat"	"left"	0.712277786844321
"3"	"left"	"threat"	"left"	0.533430316156747
"3"	"left"	"threat"	"left"	0.37121374653819
"3"	"left"	"threat"	"left"	0.402586341365873
"3"	"left"	"threat"	"right"	1.10437703086661
"3"	"left"	"threat"	"left"	0.970628274420741
"3"	"left"	"threat"	"right"	0.413970122687493
"3"	"right"	"threat"	"right"	0.507941503512477
"3"	"left"	"threat"	"left"	1.66819277046622
"3"	"right"	"threat"	"right"	0.620920590578094
"3"	"left"	"threat"	"left"	1.45258689410448
"3"	"left"	"threat"	"left"	0.691990044073786
"3"	"left"	"threat"	"left"	0.511600366099179
"3"	"left"	"threat"	"left"	0.834402623988091
"3"	"left"	"threat"	"right"	0.432113031068844
"3"	"left"	"threat"	"left"	0.522174191877654
"3"	"left"	"threat"	"left"	0.53662956567349
"3"	"left"	"threat"	"left"	0.38384201338563
"3"	"left"	"threat"	"left"	1.06135315805981
"3"	"left"	"threat"	"right"	0.541186889464455
"3"	"right"	"threat"	"right"	0.630260219827308
"3"	"right"	"threat"	"right"	0.920606527775194
"3"	"right"	"threat"	"right"	0.423221224570035
"3"	"left"	"threat"	"right"	0.973255609491389
"3"	"right"	"threat"	"right"	0.776597446537107
"3"	"right"	"threat"	"left"	0.39278547550726
"3"	"left"	"threat"	"right"	0.801846053201863
"3"	"left"	"threat"	"right"	0.480431341819082
"3"	"left"	"threat"	"left"	0.597445261645885
"3"	"right"	"threat"	"right"	0.706188570384268
"3"	"right"	"threat"	"right"	0.494166438413886
"3"	"right"	"threat"	"right"	0.676185650202868
"3"	"right"	"threat"	"right"	0.596708646182918
"3"	"left"	"threat"	"left"	0.555745809392431
"3"	"right"	"threat"	"left"	0.638081024760618
"3"	"right"	"threat"	"right"	0.668664049699183
"3"	"right"	"threat"	"right"	0.402804985307041
"3"	"left"	"threat"	"right"	0.51883728203969
"3"	"left"	"threat"	"left"	0.755441172568644
"3"	"left"	"threat"	"right"	0.542486794711237
"3"	"left"	"threat"	"left"	1.39174689907314
"3"	"right"	"threat"	"right"	0.812926231839123
"3"	"left"	"threat"	"left"	0.369392800156828
"3"	"right"	"threat"	"right"	0.991094456057689
"3"	"left"	"threat"	"right"	0.361967121714157
"3"	"right"	"threat"	"right"	0.439426309395841
"3"	"left"	"threat"	"right"	0.650396585212889
"3"	"left"	"threat"	"left"	0.419219035751549
"3"	"right"	"threat"	"right"	0.590684566207364
"3"	"right"	"threat"	"right"	0.516281588850246
"3"	"left"	"threat"	"left"	0.451395254320927
"3"	"left"	"threat"	"left"	0.547347966434095
"3"	"left"	"threat"	"left"	0.61255509220483
"3"	"right"	"threat"	"right"	0.372551125091708
"3"	"left"	"threat"	"left"	0.689220614795604
"3"	"left"	"threat"	"left"	1.26105611026828
"3"	"right"	"threat"	"right"	0.425850254406164
"3"	"right"	"threat"	"left"	0.751316500135315
"3"	"right"	"threat"	"left"	0.66414061979083
"3"	"left"	"threat"	"left"	0.610162384519099
"3"	"left"	"threat"	"right"	0.64166729946724
"3"	"right"	"threat"	"left"	1.1190103001304
"3"	"right"	"threat"	"right"	0.467459422768781
"3"	"right"	"threat"	"right"	0.821101044098056
"3"	"left"	"threat"	"right"	0.342576056761136
"3"	"right"	"threat"	"left"	0.603649926131276
"3"	"right"	"threat"	"right"	0.779781622132227
"3"	"left"	"threat"	"left"	0.678263979137466
"3"	"left"	"threat"	"right"	0.60250027545829
"3"	"right"	"threat"	"right"	0.780396424218219
"3"	"left"	"threat"	"left"	0.885516647345808
"3"	"left"	"threat"	"left"	0.612396538628288
"3"	"right"	"threat"	"left"	0.558231380002889
"3"	"left"	"threat"	"right"	1.36307865851256
"3"	"right"	"threat"	"right"	1.23818474026699
"3"	"left"	"threat"	"right"	1.13564829397907
"3"	"right"	"threat"	"right"	0.748897079768468
"3"	"left"	"threat"	"left"	0.879840411756805
"3"	"left"	"threat"	"left"	0.52617425292749
"3"	"right"	"threat"	"right"	0.56570610619798
"3"	"right"	"threat"	"right"	0.47254698594193
"3"	"left"	"threat"	"left"	2.19999863854126
"3"	"right"	"threat"	"right"	1.53731863528144
"3"	"right"	"threat"	"left"	0.638193682664513
"3"	"left"	"threat"	"left"	0.844175002036841
"3"	"left"	"threat"	"left"	0.518740950659319
"3"	"right"	"threat"	"right"	0.479587250617376
"3"	"right"	"threat"	"right"	1.03023885631038
"3"	"left"	"threat"	"left"	1.0634777016109
"3"	"right"	"threat"	"left"	1.06098456304804
"3"	"right"	"threat"	"right"	0.526312378259859
"3"	"right"	"threat"	"left"	1.04286980917487
"3"	"right"	"threat"	"right"	1.08146435036263
"3"	"right"	"threat"	"right"	0.395386738178344
"3"	"right"	"threat"	"right"	1.94163329569871
"3"	"right"	"threat"	"right"	0.487184415396932
"3"	"right"	"threat"	"left"	1.80525047127154
"3"	"right"	"threat"	"right"	0.501247495563874
"3"	"right"	"threat"	"left"	0.621775159385139
"3"	"left"	"threat"	"right"	0.416398579833283
"3"	"right"	"threat"	"right"	0.713015512658782
"3"	"left"	"threat"	"left"	1.01362515404778
"3"	"right"	"threat"	"right"	0.631871580083866
"3"	"left"	"threat"	"right"	0.48487121174792
"3"	"right"	"threat"	"left"	0.66424727414264
"3"	"right"	"threat"	"right"	1.00038526435756
"3"	"right"	"threat"	"right"	0.431793310449289
"3"	"left"	"threat"	"right"	0.536548602865135
"3"	"left"	"threat"	"left"	0.818921990633653
"3"	"left"	"threat"	"left"	0.533062194524703
"3"	"right"	"threat"	"left"	0.422916534299313
"3"	"left"	"threat"	"right"	0.381532721194655
"3"	"left"	"threat"	"left"	0.424921931736878
"3"	"right"	"threat"	"right"	0.906223334092058
"3"	"left"	"threat"	"left"	0.657580097782825
"3"	"right"	"threat"	"right"	0.645063614819096
"3"	"right"	"threat"	"left"	0.374440053053083
"3"	"left"	"threat"	"left"	0.998774118575721
"3"	"left"	"threat"	"left"	0.73407600698914
"3"	"right"	"threat"	"right"	0.446778566995719
"3"	"left"	"threat"	"left"	0.391920301126854
"3"	"left"	"threat"	"left"	2.00602354735174
"3"	"left"	"threat"	"left"	0.804834223123848
"3"	"left"	"threat"	"right"	0.655881505829375
"3"	"right"	"threat"	"left"	0.487402379205968
"3"	"right"	"threat"	"left"	0.496096363276888
"3"	"right"	"threat"	"left"	0.818752388710977
"3"	"right"	"threat"	"right"	0.387772337661978
"3"	"right"	"threat"	"right"	2.05596604490116
"3"	"right"	"threat"	"left"	0.68731547377366
"3"	"left"	"threat"	"left"	1.62566470680722
"3"	"left"	"threat"	"left"	0.467170968933774
"3"	"right"	"threat"	"left"	0.584612938779628
"3"	"right"	"threat"	"left"	0.756613964593489
"3"	"left"	"threat"	"right"	1.56065043543399
"3"	"right"	"threat"	"right"	1.01765565102509
"3"	"left"	"threat"	"left"	0.802048132233176
"3"	"left"	"threat"	"left"	0.739086591677302
"3"	"left"	"threat"	"right"	0.628279962627126
"3"	"left"	"threat"	"right"	0.430850049198171
"3"	"right"	"threat"	"left"	0.647619392315519
"3"	"left"	"threat"	"left"	0.708839774441676
"3"	"right"	"threat"	"left"	0.400985176630882
"3"	"right"	"threat"	"right"	1.40916605343459
"3"	"right"	"threat"	"right"	0.804346426100359
"3"	"right"	"threat"	"right"	0.369459996432012
"3"	"left"	"threat"	"right"	1.06679169298102
"3"	"left"	"threat"	"left"	0.460589368297219
"3"	"right"	"threat"	"left"	1.37100311194814
"3"	"left"	"threat"	"right"	0.797649351247219
"3"	"right"	"threat"	"right"	0.415145325243276
"3"	"right"	"threat"	"right"	0.473446568622549
"3"	"right"	"threat"	"right"	0.690068964973914
"3"	"left"	"threat"	"right"	0.722088089588272
"3"	"right"	"threat"	"right"	1.23740394240041
"3"	"right"	"threat"	"right"	0.677352711213634
"3"	"left"	"threat"	"left"	0.564595029322676
"3"	"left"	"threat"	"left"	0.664355564597693
"3"	"left"	"threat"	"left"	0.585345857953293
"3"	"left"	"threat"	"left"	0.522604045016155
"3"	"left"	"threat"	"left"	0.424213071330763
"3"	"right"	"threat"	"right"	0.645333198033955
"3"	"left"	"threat"	"left"	2.38378919756623
"3"	"left"	"threat"	"left"	0.976457647246082
"3"	"left"	"threat"	"left"	0.552328570434727
"3"	"left"	"threat"	"left"	0.691134465384063
"3"	"right"	"threat"	"left"	0.614522427411279
"3"	"left"	"threat"	"left"	1.75158113167611
"3"	"right"	"threat"	"right"	2.1052270068152
"3"	"right"	"threat"	"right"	0.471402279365396
"3"	"left"	"threat"	"left"	0.481636539866737
"3"	"right"	"threat"	"right"	0.673254468021646
"3"	"left"	"threat"	"right"	0.479897116536885
"3"	"right"	"threat"	"right"	0.725464262005025
"3"	"left"	"threat"	"right"	0.44099945936172
"3"	"left"	"threat"	"right"	0.84250513723623
"3"	"right"	"threat"	"left"	0.636199136245204
"4"	"right"	"safe"	"left"	0.195497603623516
"4"	"left"	"safe"	"left"	0.58551113414047
"4"	"left"	"safe"	"left"	0.617995424473983
"4"	"left"	"safe"	"right"	0.46115314365881
"4"	"right"	"safe"	"right"	0.213574764841085
"4"	"left"	"safe"	"right"	0.214498843195177
"4"	"left"	"safe"	"left"	0.499559185665154
"4"	"left"	"safe"	"left"	0.183783870117288
"4"	"left"	"safe"	"right"	0.189550350569028
"4"	"right"	"safe"	"left"	0.256555647866977
"4"	"left"	"safe"	"left"	0.384438700599302
"4"	"right"	"safe"	"right"	0.536637607382945
"4"	"right"	"safe"	"right"	0.226366573752649
"4"	"right"	"safe"	"right"	0.174746351793163
"4"	"left"	"safe"	"left"	0.255039284853538
"4"	"right"	"safe"	"right"	0.189002283539812
"4"	"right"	"safe"	"right"	0.260866332980142
"4"	"right"	"safe"	"right"	0.28998590465595
"4"	"left"	"safe"	"left"	0.263504665334093
"4"	"right"	"safe"	"right"	0.340708521890023
"4"	"left"	"safe"	"left"	0.176810737039035
"4"	"left"	"safe"	"left"	0.478356031174752
"4"	"right"	"safe"	"left"	0.40887011846865
"4"	"right"	"safe"	"left"	0.257053373780702
"4"	"left"	"safe"	"left"	0.211753215295557
"4"	"right"	"safe"	"left"	0.176742972521922
"4"	"left"	"safe"	"right"	0.277679752389395
"4"	"right"	"safe"	"right"	0.345984176746167
"4"	"right"	"safe"	"right"	0.16705937425191
"4"	"left"	"safe"	"left"	0.347522755759141
"4"	"left"	"safe"	"right"	0.257958739889425
"4"	"left"	"safe"	"right"	0.260376172306071
"4"	"right"	"safe"	"right"	0.324469919144633
"4"	"right"	"safe"	"right"	0.293340085622726
"4"	"right"	"safe"	"left"	0.210610571961336
"4"	"right"	"safe"	"right"	0.335223067188534
"4"	"left"	"safe"	"left"	0.356495489305099
"4"	"right"	"safe"	"right"	0.258649924887739
"4"	"right"	"safe"	"right"	0.189204268512079
"4"	"left"	"safe"	"left"	0.322382519311608
"4"	"right"	"safe"	"right"	0.208621167249891
"4"	"left"	"safe"	"right"	0.294597430127956
"4"	"right"	"safe"	"right"	0.949002994139977
"4"	"right"	"safe"	"left"	0.477750183881638
"4"	"right"	"safe"	"right"	0.467331626776969
"4"	"right"	"safe"	"right"	0.175502256777502
"4"	"left"	"safe"	"left"	0.250219209102938
"4"	"left"	"safe"	"left"	0.29099518977707
"4"	"left"	"safe"	"left"	0.232616706688585
"4"	"left"	"safe"	"left"	0.463459796672558
"4"	"right"	"safe"	"left"	0.273924596908159
"4"	"left"	"safe"	"left"	0.36124877678923
"4"	"left"	"safe"	"left"	0.326928591622868
"4"	"left"	"safe"	"left"	0.23324181661159
"4"	"right"	"safe"	"left"	0.296345622405057
"4"	"left"	"safe"	"left"	0.324543777917409
"4"	"left"	"safe"	"left"	0.54469206641661
"4"	"right"	"safe"	"right"	0.224863499697737
"4"	"right"	"safe"	"right"	0.205453858140325
"4"	"right"	"safe"	"left"	0.442735529207453
"4"	"right"	"safe"	"left"	0.459219472580031
"4"	"right"	"safe"	"right"	0.361310699800128
"4"	"left"	"safe"	"left"	0.534822525908901
"4"	"right"	"safe"	"right"	0.256984080881883
"4"	"right"	"safe"	"right"	0.209602727117344
"4"	"left"	"safe"	"left"	0.373944351381376
"4"	"left"	"safe"	"left"	0.162122184286936
"4"	"left"	"safe"	"left"	0.28818083587723
"4"	"left"	"safe"	"left"	0.210192451482214
"4"	"left"	"safe"	"left"	0.313122283280861
"4"	"left"	"safe"	"left"	0.266936290963779
"4"	"right"	"safe"	"right"	0.351166477887169
"4"	"left"	"safe"	"left"	0.257998316961835
"4"	"right"	"safe"	"right"	0.177548503594854
"4"	"right"	"safe"	"right"	0.18900066697298
"4"	"left"	"safe"	"left"	0.325257977492382
"4"	"left"	"safe"	"left"	0.214581121178061
"4"	"left"	"safe"	"left"	0.229777509143911
"4"	"left"	"safe"	"left"	0.302524298810746
"4"	"left"	"safe"	"right"	0.364569258892988
"4"	"right"	"safe"	"left"	0.483372947865285
"4"	"left"	"safe"	"right"	0.203519815410783
"4"	"right"	"safe"	"left"	0.335575752586969
"4"	"right"	"safe"	"right"	0.555035732541183
"4"	"right"	"safe"	"right"	0.550993410201758
"4"	"left"	"safe"	"left"	0.897262844733624
"4"	"right"	"safe"	"left"	0.185062655760862
"4"	"right"	"safe"	"left"	0.464888464036743
"4"	"left"	"safe"	"left"	0.351687374227182
"4"	"left"	"safe"	"left"	0.27611425456692
"4"	"right"	"safe"	"right"	0.478574134530908
"4"	"right"	"safe"	"right"	0.200268866336489
"4"	"left"	"safe"	"left"	0.414891936468404
"4"	"right"	"safe"	"right"	0.796167346422915
"4"	"left"	"safe"	"left"	0.198284266927674
"4"	"left"	"safe"	"left"	0.26509538145304
"4"	"right"	"safe"	"left"	0.369038828471744
"4"	"right"	"safe"	"right"	0.317974471939527
"4"	"right"	"safe"	"right"	0.184912928099515
"4"	"right"	"safe"	"right"	0.43157264191883
"4"	"right"	"safe"	"left"	0.501674510571146
"4"	"left"	"safe"	"right"	0.267673360437084
"4"	"left"	"safe"	"left"	0.447520304761153
"4"	"right"	"safe"	"right"	0.294852959108302
"4"	"right"	"safe"	"right"	0.465223004763211
"4"	"left"	"safe"	"left"	0.420657117920217
"4"	"right"	"safe"	"right"	0.446017430530029
"4"	"left"	"safe"	"left"	0.286101053908315
"4"	"left"	"safe"	"left"	0.583688599330373
"4"	"right"	"safe"	"right"	0.518911090464766
"4"	"right"	"safe"	"right"	0.167125263603432
"4"	"left"	"safe"	"right"	0.190192985062924
"4"	"right"	"safe"	"right"	0.407364989551344
"4"	"right"	"safe"	"left"	0.230642019004241
"4"	"left"	"safe"	"right"	0.592176336360891
"4"	"left"	"safe"	"right"	0.367062007859992
"4"	"left"	"safe"	"right"	0.193896470128526
"4"	"right"	"safe"	"right"	0.185572379403614
"4"	"right"	"safe"	"left"	0.194626983384582
"4"	"left"	"safe"	"left"	0.242517486154934
"4"	"right"	"safe"	"right"	0.208471102660493
"4"	"left"	"safe"	"right"	0.482240524972183
"4"	"right"	"safe"	"left"	0.720907299501806
"4"	"left"	"safe"	"right"	0.258803559339201
"4"	"left"	"safe"	"right"	0.272312829117173
"4"	"right"	"safe"	"right"	0.199843240637124
"4"	"left"	"safe"	"right"	0.246329495195787
"4"	"left"	"safe"	"left"	0.274327489826142
"4"	"right"	"safe"	"left"	0.175893407408014
"4"	"left"	"safe"	"right"	0.183749607192339
"4"	"right"	"safe"	"right"	0.306992899639528
"4"	"right"	"safe"	"left"	0.428293958391225
"4"	"right"	"safe"	"left"	0.352361727679077
"4"	"left"	"safe"	"left"	0.33579041088514
"4"	"right"	"safe"	"left"	0.202664954410953
"4"	"right"	"safe"	"right"	0.324941852816203
"4"	"left"	"safe"	"left"	0.210112964571422
"4"	"left"	"safe"	"left"	0.43698797845837
"4"	"left"	"safe"	"left"	0.206650996682919
"4"	"right"	"safe"	"right"	0.23652971868617
"4"	"left"	"safe"	"left"	0.228713517106297
"4"	"left"	"safe"	"left"	0.355847619261919
"4"	"left"	"safe"	"right"	0.511862979251671
"4"	"right"	"safe"	"right"	0.929670962085686
"4"	"right"	"safe"	"right"	0.271861038859267
"4"	"right"	"safe"	"right"	0.177550730186903
"4"	"left"	"safe"	"left"	0.347358998447712
"4"	"left"	"safe"	"left"	0.328883302003577
"4"	"left"	"safe"	"right"	0.504326323362519
"4"	"right"	"safe"	"right"	0.243221227913138
"4"	"left"	"safe"	"left"	0.272421358699679
"4"	"right"	"safe"	"right"	0.250958315243832
"4"	"right"	"safe"	"right"	0.279957893340159
"4"	"left"	"safe"	"left"	0.598171730987039
"4"	"right"	"safe"	"right"	1.09687781456556
"4"	"left"	"safe"	"right"	0.31187018478054
"4"	"left"	"safe"	"left"	0.335263120924622
"4"	"right"	"safe"	"right"	0.506226155218153
"4"	"left"	"safe"	"left"	0.453738692212817
"4"	"left"	"safe"	"left"	0.257798593450131
"4"	"right"	"safe"	"left"	0.508364730406881
"4"	"right"	"safe"	"right"	0.293184419230541
"4"	"right"	"safe"	"right"	0.399847940809623
"4"	"right"	"safe"	"right"	0.198370397006852
"4"	"left"	"safe"	"right"	0.237901221660635
"4"	"right"	"safe"	"right"	0.241221241802843
"4"	"right"	"safe"	"right"	0.205721773250282
"4"	"right"	"safe"	"right"	0.252462604912191
"4"	"right"	"safe"	"right"	0.214158567701662
"4"	"right"	"safe"	"right"	0.309279350266995
"4"	"right"	"safe"	"right"	0.320926443547246
"4"	"left"	"safe"	"left"	0.371988669921346
"4"	"left"	"safe"	"right"	0.691197139002113
"4"	"left"	"safe"	"left"	0.273849509450169
"4"	"left"	"safe"	"left"	0.193594631087091
"4"	"right"	"safe"	"left"	0.417143753444596
"4"	"left"	"safe"	"left"	0.345266468586534
"4"	"right"	"safe"	"right"	0.242079135750996
"4"	"right"	"safe"	"right"	0.226375277527258
"4"	"right"	"safe"	"left"	0.348171572462407
"4"	"left"	"safe"	"right"	0.263063238607018
"4"	"right"	"safe"	"right"	0.28475851188905
"4"	"left"	"safe"	"left"	0.407357654356349
"4"	"right"	"safe"	"right"	0.210437825621628
"4"	"left"	"safe"	"left"	0.291757361327172
"4"	"left"	"safe"	"left"	0.287899513621912
"4"	"left"	"safe"	"left"	0.26017923751073
"4"	"right"	"safe"	"right"	0.511711893768411
"4"	"right"	"safe"	"left"	0.489114674315211
"4"	"right"	"safe"	"right"	0.290131278529434
"4"	"left"	"safe"	"right"	0.240057080788699
"4"	"left"	"safe"	"left"	0.235136662150461
"4"	"left"	"safe"	"right"	0.356390859771454
"4"	"left"	"safe"	"left"	0.385994275307348
"4"	"left"	"safe"	"left"	0.190831748156226
"4"	"left"	"safe"	"left"	0.185273805545502
"4"	"right"	"safe"	"right"	0.396076870816791
"4"	"left"	"safe"	"left"	0.180516338003067
"4"	"right"	"safe"	"right"	0.302178356033914
"4"	"left"	"safe"	"left"	0.51594572352539
"4"	"right"	"safe"	"right"	0.262711560003739
"4"	"left"	"safe"	"left"	0.344770477198088
"4"	"right"	"safe"	"right"	0.346765589267557
"4"	"left"	"safe"	"right"	0.643053062188454
"4"	"left"	"safe"	"right"	0.361606401722557
"4"	"left"	"safe"	"left"	0.302696428909271
"4"	"left"	"safe"	"right"	0.41150856012274
"4"	"left"	"safe"	"left"	0.264560939846522
"4"	"right"	"safe"	"right"	0.260611037048099
"4"	"right"	"safe"	"right"	0.223959213023322
"4"	"left"	"safe"	"right"	0.243037492393311
"4"	"left"	"safe"	"left"	0.185375527320018
"4"	"right"	"safe"	"left"	0.2511720253016
"4"	"right"	"safe"	"right"	0.539672516071846
"4"	"left"	"safe"	"left"	0.254266317440344
"4"	"left"	"safe"	"left"	0.538381441707192
"4"	"right"	"safe"	"left"	0.358874305405453
"4"	"right"	"safe"	"right"	0.78344353396438
"4"	"right"	"safe"	"right"	0.400869523694749
"4"	"right"	"safe"	"right"	0.205055798160078
"4"	"left"	"safe"	"left"	1.10609965946136
"4"	"left"	"safe"	"left"	0.333887717215918
"4"	"left"	"safe"	"left"	0.496889674743889
"4"	"right"	"safe"	"left"	0.25641502069122
"4"	"left"	"safe"	"right"	0.204750056208515
"4"	"left"	"safe"	"left"	0.201673907051521
"4"	"right"	"safe"	"right"	0.414479122031458
"4"	"right"	"safe"	"right"	0.301804142010742
"4"	"right"	"safe"	"right"	0.446856042039097
"4"	"right"	"safe"	"right"	0.421022253204223
"4"	"right"	"threat"	"right"	0.462849362912036
"4"	"left"	"threat"	"right"	0.558152970399006
"4"	"left"	"threat"	"right"	0.492282676832281
"4"	"right"	"threat"	"right"	0.438371299184262
"4"	"left"	"threat"	"left"	0.26831910355522
"4"	"right"	"threat"	"right"	0.331007147420576
"4"	"right"	"threat"	"left"	1.66634450036096
"4"	"right"	"threat"	"right"	0.856768950937432
"4"	"left"	"threat"	"left"	1.13961410828937
"4"	"right"	"threat"	"right"	0.59071245304369
"4"	"left"	"threat"	"left"	0.369750246224785
"4"	"right"	"threat"	"right"	0.996768650596258
"4"	"left"	"threat"	"left"	0.334912809008429
"4"	"left"	"threat"	"left"	0.53674981207201
"4"	"left"	"threat"	"left"	0.680680962465265
"4"	"right"	"threat"	"right"	0.711916595323994
"4"	"left"	"threat"	"left"	1.8343421714552
"4"	"left"	"threat"	"left"	0.434481557336096
"4"	"left"	"threat"	"left"	0.963552000909432
"4"	"right"	"threat"	"right"	0.366366312429329
"4"	"left"	"threat"	"left"	1.0403104151318
"4"	"right"	"threat"	"left"	0.46562286398288
"4"	"left"	"threat"	"left"	0.478315551573317
"4"	"right"	"threat"	"right"	1.04253992264109
"4"	"right"	"threat"	"right"	1.46576212708563
"4"	"right"	"threat"	"right"	0.405418841190125
"4"	"right"	"threat"	"right"	0.497736000914414
"4"	"right"	"threat"	"right"	0.982700306891798
"4"	"left"	"threat"	"left"	1.01066593286974
"4"	"left"	"threat"	"right"	0.760821813674705
"4"	"right"	"threat"	"right"	0.634480289756621
"4"	"left"	"threat"	"right"	1.72572767592808
"4"	"right"	"threat"	"right"	0.646323875774394
"4"	"right"	"threat"	"right"	2.32041643423079
"4"	"right"	"threat"	"right"	0.660086929813661
"4"	"right"	"threat"	"right"	0.686700134103325
"4"	"right"	"threat"	"right"	0.32933488367524
"4"	"left"	"threat"	"left"	0.612866644385369
"4"	"left"	"threat"	"right"	0.718558411268845
"4"	"right"	"threat"	"right"	0.232963349752845
"4"	"left"	"threat"	"left"	0.248737061325474
"4"	"right"	"threat"	"right"	0.412862812790187
"4"	"left"	"threat"	"left"	0.42861762457711
"4"	"right"	"threat"	"right"	0.376991543899213
"4"	"right"	"threat"	"right"	1.35768481336813
"4"	"right"	"threat"	"right"	0.370679523897792
"4"	"left"	"threat"	"right"	0.510390791993433
"4"	"right"	"threat"	"right"	0.88813530181393
"4"	"right"	"threat"	"right"	0.652806652762601
"4"	"left"	"threat"	"right"	0.51395786404868
"4"	"left"	"threat"	"left"	0.312812596513876
"4"	"left"	"threat"	"left"	0.772534212170846
"4"	"left"	"threat"	"left"	0.302500639967306
"4"	"right"	"threat"	"right"	0.629489501609289
"4"	"left"	"threat"	"left"	1.01084725651189
"4"	"right"	"threat"	"right"	0.724335612721914
"4"	"left"	"threat"	"right"	1.22356582967713
"4"	"right"	"threat"	"right"	0.512622064243986
"4"	"left"	"threat"	"left"	0.512571080671582
"4"	"left"	"threat"	"left"	0.340893808324463
"4"	"right"	"threat"	"right"	1.00770520905117
"4"	"right"	"threat"	"right"	0.573133466655153
"4"	"left"	"threat"	"left"	1.14641263853901
"4"	"right"	"threat"	"right"	1.3095434049219
"4"	"left"	"threat"	"left"	1.36045677496836
"4"	"left"	"threat"	"right"	0.506929728411504
"4"	"left"	"threat"	"left"	0.467160509548818
"4"	"left"	"threat"	"left"	0.288189044386532
"4"	"right"	"threat"	"right"	0.325145633157845
"4"	"left"	"threat"	"left"	1.47572695178179
"4"	"left"	"threat"	"left"	0.428577502595839
"4"	"left"	"threat"	"left"	0.663142837894895
"4"	"left"	"threat"	"left"	1.88691907405165
"4"	"right"	"threat"	"right"	0.838405495750121
"4"	"right"	"threat"	"right"	0.806162960645729
"4"	"left"	"threat"	"left"	0.438668586872476
"4"	"right"	"threat"	"left"	1.14668808541264
"4"	"right"	"threat"	"right"	0.701253945217777
"4"	"left"	"threat"	"left"	1.27502935279195
"4"	"left"	"threat"	"left"	0.283784014335795
"4"	"right"	"threat"	"right"	0.705607375856047
"4"	"right"	"threat"	"right"	0.502247073028655
"4"	"left"	"threat"	"left"	0.34586485508433
"4"	"left"	"threat"	"left"	1.05285165001429
"4"	"right"	"threat"	"right"	1.16192430234458
"4"	"left"	"threat"	"right"	0.440893364181061
"4"	"right"	"threat"	"right"	0.363390103669495
"4"	"left"	"threat"	"right"	1.78543022231808
"4"	"left"	"threat"	"left"	0.629461220139769
"4"	"left"	"threat"	"left"	0.3717801487038
"4"	"right"	"threat"	"left"	0.46023531707801
"4"	"left"	"threat"	"left"	1.19266090254019
"4"	"right"	"threat"	"right"	0.525709634250739
"4"	"left"	"threat"	"left"	0.895291691162509
"4"	"left"	"threat"	"left"	0.240395034735559
"4"	"left"	"threat"	"left"	1.83907663849011
"4"	"left"	"threat"	"left"	0.518036583328325
"4"	"left"	"threat"	"left"	1.3200141527222
"4"	"right"	"threat"	"right"	0.858819812258497
"4"	"left"	"threat"	"left"	2.58651150966513
"4"	"right"	"threat"	"right"	0.933242250065721
"4"	"left"	"threat"	"left"	1.09483126217979
"4"	"right"	"threat"	"right"	0.314777067652261
"4"	"left"	"threat"	"left"	1.71599123525358
"4"	"right"	"threat"	"left"	0.779463660016582
"4"	"left"	"threat"	"left"	0.977245363860603
"4"	"left"	"threat"	"left"	1.0850166252463
"4"	"right"	"threat"	"right"	0.588152421113217
"4"	"left"	"threat"	"left"	0.741896393494205
"4"	"left"	"threat"	"left"	1.50301854913618
"4"	"right"	"threat"	"right"	1.00497215408225
"4"	"right"	"threat"	"right"	1.6830000825762
"4"	"right"	"threat"	"right"	1.17612390374276
"4"	"left"	"threat"	"left"	0.733777115440556
"4"	"left"	"threat"	"left"	0.697730953223519
"4"	"right"	"threat"	"right"	1.43830925413093
"4"	"right"	"threat"	"right"	1.16479883085738
"4"	"left"	"threat"	"left"	0.488143101412847
"4"	"left"	"threat"	"left"	0.291818776122243
"4"	"left"	"threat"	"right"	0.625781216641397
"4"	"right"	"threat"	"right"	1.15894647608363
"4"	"right"	"threat"	"right"	1.07590651848694
"4"	"left"	"threat"	"left"	0.67372553153523
"4"	"right"	"threat"	"left"	0.448264793311879
"4"	"right"	"threat"	"right"	0.396885617642618
"4"	"right"	"threat"	"right"	1.0763520732833
"4"	"right"	"threat"	"right"	0.761855493222507
"4"	"left"	"threat"	"left"	0.757337525219544
"4"	"right"	"threat"	"right"	0.631467119314883
"4"	"right"	"threat"	"right"	0.704795783203954
"4"	"right"	"threat"	"right"	0.315972661546838
"4"	"right"	"threat"	"right"	1.017765226571
"4"	"right"	"threat"	"right"	1.25403900595496
"4"	"left"	"threat"	"left"	0.444491805985841
"4"	"right"	"threat"	"right"	1.31119073445965
"4"	"right"	"threat"	"right"	0.357576905023596
"4"	"left"	"threat"	"right"	0.713268014433593
"4"	"left"	"threat"	"right"	0.866318543351393
"4"	"right"	"threat"	"right"	1.50810818034327
"4"	"left"	"threat"	"left"	0.261624658342352
"4"	"right"	"threat"	"right"	0.349574646964817
"4"	"right"	"threat"	"right"	0.780708811264134
"4"	"right"	"threat"	"right"	0.769469022529214
"4"	"left"	"threat"	"left"	0.39580299684707
"4"	"left"	"threat"	"left"	0.342380841748673
"4"	"right"	"threat"	"right"	0.784203041429544
"4"	"left"	"threat"	"right"	0.483788507248104
"4"	"right"	"threat"	"right"	1.08224560550655
"4"	"left"	"threat"	"left"	0.479486060498013
"4"	"left"	"threat"	"left"	0.883194530419128
"4"	"left"	"threat"	"left"	1.46829583303192
"4"	"right"	"threat"	"right"	0.469946532788771
"4"	"right"	"threat"	"right"	0.602662920105684
"4"	"left"	"threat"	"left"	1.33885342580709
"4"	"left"	"threat"	"left"	0.486029539631604
"4"	"left"	"threat"	"left"	0.707789188596819
"4"	"left"	"threat"	"right"	0.563350813551386
"4"	"right"	"threat"	"right"	0.548594977987953
"4"	"left"	"threat"	"left"	0.854078198561505
"4"	"right"	"threat"	"right"	1.08302137850442
"4"	"right"	"threat"	"left"	0.695926692736021
"4"	"left"	"threat"	"left"	1.11457741469307
"4"	"right"	"threat"	"right"	0.342656537403129
"4"	"right"	"threat"	"right"	0.642763013473943
"4"	"left"	"threat"	"left"	0.286721018450211
"4"	"right"	"threat"	"right"	1.23205438410434
"4"	"right"	"threat"	"left"	0.958713362927239
"4"	"right"	"threat"	"right"	0.497445351505794
"4"	"right"	"threat"	"left"	0.723442949075031
"4"	"left"	"threat"	"left"	0.637056071719084
"4"	"right"	"threat"	"right"	0.366239152938432
"4"	"left"	"threat"	"left"	0.303257373330043
"4"	"left"	"threat"	"left"	0.640678745288166
"4"	"left"	"threat"	"left"	0.460248713693116
"4"	"right"	"threat"	"right"	1.30197606529819
"4"	"left"	"threat"	"left"	0.389938649690671
"4"	"right"	"threat"	"right"	0.926694104567971
"4"	"left"	"threat"	"left"	0.533701573344915
"4"	"right"	"threat"	"right"	0.230599564969487
"4"	"right"	"threat"	"left"	0.695115716841282
"4"	"left"	"threat"	"left"	0.688178329284378
"4"	"right"	"threat"	"right"	1.5270996908241
"4"	"left"	"threat"	"left"	0.713540729146034
"4"	"right"	"threat"	"left"	0.668958920456658
"4"	"left"	"threat"	"left"	0.837103499945378
"4"	"right"	"threat"	"right"	0.800944739610504
"4"	"right"	"threat"	"right"	0.9179759028913
"4"	"left"	"threat"	"right"	2.09286422872152
"4"	"right"	"threat"	"right"	1.28199485448287
"4"	"right"	"threat"	"left"	1.16447891213539
"4"	"right"	"threat"	"right"	0.914399398926193
"4"	"right"	"threat"	"right"	1.26897489988528
"4"	"right"	"threat"	"right"	0.614126003179831
"4"	"right"	"threat"	"right"	0.219918443292997
"4"	"left"	"threat"	"left"	1.27940114060478
"4"	"right"	"threat"	"right"	0.344149109212311
"4"	"right"	"threat"	"right"	0.49386878005849
"4"	"left"	"threat"	"right"	0.671398896294829
"4"	"right"	"threat"	"right"	0.930797437804864
"4"	"left"	"threat"	"left"	0.32441500391917
"4"	"right"	"threat"	"right"	1.45390102105563
"4"	"left"	"threat"	"right"	1.63791439467349
"4"	"left"	"threat"	"left"	1.12696445370324
"4"	"left"	"threat"	"left"	0.7415121843779
"4"	"right"	"threat"	"right"	0.655545116295671
"4"	"left"	"threat"	"left"	1.17368690149238
"4"	"right"	"threat"	"right"	0.755247495091281
"4"	"right"	"threat"	"right"	0.738258946897668
"4"	"right"	"threat"	"right"	2.9231415092453
"4"	"left"	"threat"	"left"	0.78036644856837
"4"	"right"	"threat"	"right"	1.70415396581886
"4"	"left"	"threat"	"left"	0.863428109648875
"4"	"left"	"threat"	"left"	0.597265280535246
"4"	"left"	"threat"	"left"	0.786137608804749
"4"	"right"	"threat"	"left"	0.666447506307785
"4"	"left"	"threat"	"right"	0.722075861976477
"4"	"left"	"threat"	"left"	0.591478384230689
"4"	"left"	"threat"	"left"	0.299828292437651
"4"	"left"	"threat"	"left"	0.554323428556001
"4"	"left"	"threat"	"left"	0.891950381104925
"4"	"left"	"threat"	"left"	1.00794563648223
"4"	"left"	"threat"	"right"	1.03086646808537
"4"	"left"	"threat"	"left"	0.334528935337647
"4"	"right"	"threat"	"right"	1.16853457892564
"4"	"right"	"threat"	"right"	0.688682814531715
"4"	"left"	"threat"	"left"	1.30693255646585
"4"	"right"	"threat"	"right"	0.44804285169407
"4"	"left"	"threat"	"left"	0.370631216081753
"4"	"right"	"threat"	"right"	1.30235233461794
"4"	"right"	"threat"	"right"	0.787417004878311
"5"	"left"	"safe"	"right"	0.877574904943285
"5"	"left"	"safe"	"left"	0.905095067525175
"5"	"left"	"safe"	"right"	0.917739645442616
"5"	"left"	"safe"	"left"	0.902898335721971
"5"	"right"	"safe"	"right"	0.88504667153076
"5"	"left"	"safe"	"left"	1.07151072589287
"5"	"right"	"safe"	"right"	0.818165429614688
"5"	"right"	"safe"	"left"	0.989247950002685
"5"	"right"	"safe"	"right"	0.994973788059814
"5"	"left"	"safe"	"right"	0.982645071767982
"5"	"left"	"safe"	"right"	0.837382457328027
"5"	"right"	"safe"	"right"	0.975851183158704
"5"	"left"	"safe"	"left"	0.984468859177763
"5"	"left"	"safe"	"left"	0.829936934591571
"5"	"right"	"safe"	"right"	0.849961491590787
"5"	"right"	"safe"	"left"	0.817495949518484
"5"	"right"	"safe"	"right"	1.18175150129954
"5"	"left"	"safe"	"right"	1.10993779167278
"5"	"right"	"safe"	"left"	0.984272986529429
"5"	"left"	"safe"	"right"	0.90005529951714
"5"	"left"	"safe"	"left"	1.3444309420706
"5"	"left"	"safe"	"right"	0.897413214129681
"5"	"left"	"safe"	"right"	0.866241828100182
"5"	"right"	"safe"	"right"	0.850999232469847
"5"	"right"	"safe"	"right"	0.863714128467477
"5"	"right"	"safe"	"right"	0.934054434398467
"5"	"right"	"safe"	"left"	0.871962681439042
"5"	"right"	"safe"	"right"	0.905868418903555
"5"	"right"	"safe"	"left"	0.946626863918056
"5"	"right"	"safe"	"right"	0.87679565331694
"5"	"left"	"safe"	"left"	0.922094482554243
"5"	"left"	"safe"	"right"	1.10379084072731
"5"	"left"	"safe"	"left"	1.12291584465258
"5"	"left"	"safe"	"left"	0.912348030152515
"5"	"left"	"safe"	"left"	0.926540114027031
"5"	"right"	"safe"	"right"	1.00293603351852
"5"	"right"	"safe"	"left"	0.817621175220609
"5"	"right"	"safe"	"right"	1.20836569635209
"5"	"left"	"safe"	"left"	0.903532694379022
"5"	"left"	"safe"	"right"	0.889378957488121
"5"	"left"	"safe"	"left"	0.880782066810238
"5"	"right"	"safe"	"right"	1.02690152952019
"5"	"right"	"safe"	"left"	0.836073526980434
"5"	"right"	"safe"	"right"	0.960261781681883
"5"	"left"	"safe"	"left"	0.901938625637578
"5"	"left"	"safe"	"right"	1.07493984981914
"5"	"right"	"safe"	"right"	1.32901035390246
"5"	"right"	"safe"	"right"	0.918200322930248
"5"	"left"	"safe"	"left"	0.94806045470047
"5"	"right"	"safe"	"right"	0.897990283113209
"5"	"left"	"safe"	"right"	0.9727430653682
"5"	"left"	"safe"	"left"	0.857732211656562
"5"	"right"	"safe"	"right"	1.06566747678515
"5"	"right"	"safe"	"left"	0.914050940228789
"5"	"right"	"safe"	"left"	0.907300231363243
"5"	"right"	"safe"	"left"	0.917319793600273
"5"	"right"	"safe"	"left"	0.939648380229132
"5"	"right"	"safe"	"right"	1.17278322232804
"5"	"left"	"safe"	"left"	0.864513014965101
"5"	"left"	"safe"	"right"	1.16192100419973
"5"	"left"	"safe"	"left"	1.19662934735761
"5"	"left"	"safe"	"left"	0.832452205522466
"5"	"left"	"safe"	"left"	1.20487005422464
"5"	"left"	"safe"	"left"	1.12160224228876
"5"	"right"	"safe"	"right"	1.00511867827769
"5"	"left"	"safe"	"left"	0.873354746039472
"5"	"left"	"safe"	"left"	0.865031523791237
"5"	"right"	"safe"	"right"	0.928848127398682
"5"	"right"	"safe"	"left"	0.987380377227763
"5"	"right"	"safe"	"right"	1.06625931161153
"5"	"right"	"safe"	"right"	1.07635653231933
"5"	"right"	"safe"	"right"	0.868081171017657
"5"	"right"	"safe"	"left"	0.934216170171918
"5"	"left"	"safe"	"right"	0.829112826838749
"5"	"right"	"safe"	"right"	0.892846557913808
"5"	"right"	"safe"	"left"	1.00525147442582
"5"	"right"	"safe"	"right"	0.837430618922621
"5"	"left"	"safe"	"left"	0.938465085764382
"5"	"left"	"safe"	"right"	1.16019543910168
"5"	"left"	"safe"	"right"	0.989272384804867
"5"	"right"	"safe"	"right"	0.929999197225837
"5"	"left"	"safe"	"right"	1.06558669636212
"5"	"left"	"safe"	"right"	0.853181324602103
"5"	"left"	"safe"	"right"	0.871078570174746
"5"	"left"	"safe"	"left"	1.00499425375576
"5"	"right"	"safe"	"left"	0.821317243819275
"5"	"right"	"safe"	"right"	0.916968192760203
"5"	"right"	"safe"	"left"	0.846218825860633
"5"	"left"	"safe"	"right"	0.864739555307958
"5"	"right"	"safe"	"right"	0.90916541271348
"5"	"right"	"safe"	"right"	0.946086323179281
"5"	"left"	"safe"	"left"	1.02367122475481
"5"	"right"	"safe"	"right"	1.24776326329527
"5"	"left"	"safe"	"left"	0.898451036234818
"5"	"left"	"safe"	"left"	0.904935584407045
"5"	"right"	"safe"	"left"	0.919136855005594
"5"	"right"	"safe"	"right"	0.841942709359242
"5"	"right"	"safe"	"right"	1.57076940111061
"5"	"right"	"safe"	"right"	1.08075337857786
"5"	"right"	"safe"	"left"	0.859423256045676
"5"	"right"	"safe"	"right"	0.9923861280159
"5"	"right"	"safe"	"left"	0.819129853654841
"5"	"right"	"safe"	"left"	1.18067029165407
"5"	"left"	"safe"	"right"	0.913814233093414
"5"	"right"	"safe"	"right"	0.973909400432356
"5"	"right"	"safe"	"left"	1.143890076898
"5"	"right"	"safe"	"left"	0.896174434627423
"5"	"right"	"safe"	"right"	0.847269494756099
"5"	"right"	"safe"	"right"	0.949085101003924
"5"	"right"	"safe"	"left"	1.12872599701986
"5"	"left"	"safe"	"left"	0.816166622892689
"5"	"right"	"safe"	"right"	1.05469969027798
"5"	"right"	"safe"	"left"	0.86002575993023
"5"	"left"	"safe"	"left"	0.821134142399755
"5"	"left"	"safe"	"right"	1.07190212832552
"5"	"left"	"safe"	"left"	0.877211725168506
"5"	"left"	"safe"	"left"	0.840122477686926
"5"	"right"	"safe"	"left"	0.950820067922622
"5"	"left"	"safe"	"left"	1.02873225968761
"5"	"left"	"safe"	"left"	0.847288095055645
"5"	"right"	"safe"	"right"	0.843265882893231
"5"	"left"	"safe"	"left"	0.903072105448093
"5"	"right"	"safe"	"left"	1.24587706813753
"5"	"right"	"safe"	"right"	1.07258522142983
"5"	"left"	"safe"	"left"	0.970038893981539
"5"	"right"	"safe"	"right"	0.968258437991367
"5"	"right"	"safe"	"left"	1.02185815733317
"5"	"left"	"safe"	"left"	0.833166794400157
"5"	"left"	"safe"	"left"	0.928384669788294
"5"	"right"	"safe"	"left"	0.896429053216467
"5"	"left"	"safe"	"left"	1.21593380689115
"5"	"left"	"safe"	"left"	0.874896998801917
"5"	"left"	"safe"	"right"	0.84144777746004
"5"	"right"	"safe"	"right"	0.931990544053674
"5"	"right"	"safe"	"right"	0.983058314268886
"5"	"left"	"safe"	"right"	0.895362677844869
"5"	"left"	"safe"	"left"	0.914042356483303
"5"	"left"	"safe"	"left"	0.853952983157197
"5"	"right"	"safe"	"right"	0.910907916716319
"5"	"left"	"safe"	"right"	0.940556072735642
"5"	"left"	"safe"	"right"	0.91845851175834
"5"	"right"	"safe"	"right"	1.14031702531895
"5"	"left"	"safe"	"right"	1.07863256746299
"5"	"left"	"safe"	"left"	0.865730882386
"5"	"left"	"safe"	"left"	0.884571067745775
"5"	"right"	"safe"	"right"	1.08945555412152
"5"	"left"	"safe"	"left"	0.917703730336213
"5"	"left"	"safe"	"right"	1.2193983786595
"5"	"right"	"safe"	"left"	0.932736119674868
"5"	"left"	"safe"	"left"	0.822010106962331
"5"	"right"	"safe"	"right"	0.935680013812687
"5"	"right"	"safe"	"left"	0.890521314608418
"5"	"left"	"safe"	"left"	0.864397182952401
"5"	"right"	"safe"	"right"	0.871113943314948
"5"	"right"	"safe"	"right"	0.840094014471028
"5"	"left"	"safe"	"right"	0.834103117163104
"5"	"left"	"safe"	"left"	1.01312269453252
"5"	"right"	"safe"	"right"	0.85584079976075
"5"	"left"	"safe"	"left"	1.43448677336839
"5"	"right"	"safe"	"left"	1.10005984965592
"5"	"left"	"safe"	"right"	0.877544379021832
"5"	"right"	"safe"	"right"	0.83355349186127
"5"	"left"	"safe"	"left"	0.991862214352254
"5"	"right"	"safe"	"right"	0.938231299670198
"5"	"right"	"safe"	"right"	0.870717051924121
"5"	"left"	"safe"	"left"	0.981107999612102
"5"	"left"	"safe"	"left"	0.856633777179902
"5"	"right"	"safe"	"right"	0.910116451935786
"5"	"right"	"safe"	"right"	0.971021102705833
"5"	"left"	"safe"	"left"	1.01899781933582
"5"	"right"	"safe"	"right"	0.821424725133563
"5"	"right"	"safe"	"right"	0.865763025533613
"5"	"left"	"safe"	"left"	0.950747354203932
"5"	"right"	"safe"	"left"	0.954958955014829
"5"	"left"	"safe"	"left"	1.09506925845943
"5"	"right"	"safe"	"right"	0.846108394648567
"5"	"right"	"safe"	"right"	0.924098440270977
"5"	"right"	"safe"	"right"	0.860181713156345
"5"	"right"	"safe"	"left"	1.43564257438161
"5"	"left"	"safe"	"right"	0.83132379593504
"5"	"left"	"safe"	"left"	0.90671137745983
"5"	"left"	"safe"	"left"	0.981147782833074
"5"	"left"	"safe"	"left"	0.932535864492477
"5"	"left"	"safe"	"right"	0.828331945947937
"5"	"left"	"safe"	"left"	0.861467698490539
"5"	"left"	"safe"	"right"	0.883439592205741
"5"	"left"	"safe"	"left"	0.958257603780177
"5"	"left"	"safe"	"left"	1.03130260972802
"5"	"left"	"safe"	"right"	1.22596250787858
"5"	"right"	"safe"	"left"	0.871855677561763
"5"	"right"	"safe"	"left"	0.837274744720749
"5"	"right"	"safe"	"left"	0.90515692098017
"5"	"left"	"safe"	"left"	0.850078652720556
"5"	"left"	"safe"	"left"	0.865378350387936
"5"	"left"	"safe"	"left"	0.98169092613433
"5"	"left"	"safe"	"left"	1.14105495999341
"5"	"right"	"safe"	"left"	0.961285570939698
"5"	"left"	"safe"	"left"	0.847956593518593
"5"	"left"	"safe"	"left"	0.895611144375995
"5"	"left"	"safe"	"left"	0.938211006275264
"5"	"right"	"safe"	"right"	0.846830481571061
"5"	"right"	"safe"	"right"	1.2855737402943
"5"	"right"	"safe"	"right"	0.87344890423011
"5"	"left"	"safe"	"left"	0.844481320153487
"5"	"left"	"safe"	"right"	1.08489733003679
"5"	"left"	"safe"	"right"	0.998864417896749
"5"	"right"	"safe"	"right"	0.887618591091055
"5"	"right"	"safe"	"left"	0.853238011413339
"5"	"right"	"safe"	"left"	0.849457018168332
"5"	"right"	"safe"	"left"	0.971689779759742
"5"	"right"	"safe"	"right"	0.990612229818836
"5"	"left"	"safe"	"left"	1.01872741334359
"5"	"left"	"safe"	"left"	0.823679419146463
"5"	"left"	"safe"	"left"	0.966209526400081
"5"	"left"	"safe"	"right"	0.901245820903269
"5"	"right"	"safe"	"right"	1.2456318900283
"5"	"right"	"safe"	"left"	0.88342525099974
"5"	"left"	"safe"	"left"	1.0136654738123
"5"	"left"	"safe"	"right"	0.833092883114665
"5"	"right"	"safe"	"right"	0.877784474483955
"5"	"left"	"safe"	"left"	0.860854415059675
"5"	"right"	"safe"	"left"	1.04923666920678
"5"	"left"	"safe"	"left"	0.856347508262026
"5"	"left"	"safe"	"left"	0.935866608917159
"5"	"right"	"safe"	"left"	0.833175422424105
"5"	"left"	"safe"	"left"	0.843636693025884
"5"	"right"	"safe"	"right"	0.855771270903157
"5"	"right"	"safe"	"right"	0.881619590166708
"5"	"left"	"safe"	"left"	1.04580195765867
"5"	"right"	"safe"	"right"	0.992567465624156
"5"	"left"	"threat"	"right"	1.42705958708014
"5"	"right"	"threat"	"right"	1.02069674481666
"5"	"right"	"threat"	"right"	1.10927297036238
"5"	"left"	"threat"	"right"	1.37821541666567
"5"	"left"	"threat"	"left"	1.83075564692329
"5"	"left"	"threat"	"left"	1.04282305725545
"5"	"right"	"threat"	"right"	1.34259895264189
"5"	"left"	"threat"	"left"	1.4619492215416
"5"	"right"	"threat"	"right"	0.882630635980122
"5"	"left"	"threat"	"right"	0.87566708552885
"5"	"left"	"threat"	"right"	0.892176516796198
"5"	"right"	"threat"	"right"	0.97479685894175
"5"	"right"	"threat"	"right"	1.14282652884569
"5"	"right"	"threat"	"right"	1.17328349048856
"5"	"left"	"threat"	"left"	0.850483257463902
"5"	"right"	"threat"	"left"	1.37486996559719
"5"	"left"	"threat"	"left"	1.27626440641846
"5"	"right"	"threat"	"right"	1.07965740143844
"5"	"right"	"threat"	"right"	1.38705581395902
"5"	"right"	"threat"	"right"	0.929955119413296
"5"	"right"	"threat"	"right"	1.41048295607914
"5"	"left"	"threat"	"left"	2.11211176907738
"5"	"right"	"threat"	"left"	0.979214592127263
"5"	"left"	"threat"	"right"	0.940354230332827
"5"	"right"	"threat"	"right"	2.1762945420241
"5"	"left"	"threat"	"left"	0.908040092091245
"5"	"right"	"threat"	"right"	1.17432824571001
"5"	"right"	"threat"	"left"	1.04293062219088
"5"	"left"	"threat"	"right"	1.10230530318761
"5"	"left"	"threat"	"left"	1.23761714429894
"5"	"left"	"threat"	"left"	1.40793198301217
"5"	"left"	"threat"	"left"	1.5344882714267
"5"	"left"	"threat"	"right"	2.00642656832534
"5"	"right"	"threat"	"right"	2.23063271021377
"5"	"left"	"threat"	"right"	2.89963993120292
"5"	"left"	"threat"	"left"	1.76825052772481
"5"	"left"	"threat"	"right"	1.64154768486103
"5"	"left"	"threat"	"left"	1.10385161619101
"5"	"right"	"threat"	"right"	1.40561818531528
"5"	"right"	"threat"	"right"	1.06965805626849
"5"	"left"	"threat"	"left"	1.56346031093079
"5"	"right"	"threat"	"left"	1.27712671055429
"5"	"left"	"threat"	"left"	1.14903063877355
"5"	"left"	"threat"	"left"	1.32020688532154
"5"	"left"	"threat"	"left"	0.898408440818636
"5"	"right"	"threat"	"right"	1.66133645557736
"5"	"left"	"threat"	"right"	1.01712765265095
"5"	"right"	"threat"	"right"	0.971408614500335
"5"	"right"	"threat"	"right"	1.39268153566557
"5"	"right"	"threat"	"right"	1.08960795729657
"5"	"right"	"threat"	"right"	1.08009861609404
"5"	"right"	"threat"	"right"	1.54961082540083
"5"	"right"	"threat"	"right"	1.10931892882201
"5"	"left"	"threat"	"left"	1.2262130093012
"5"	"right"	"threat"	"right"	1.0999038426515
"5"	"right"	"threat"	"right"	0.93241076235058
"5"	"left"	"threat"	"left"	1.25110902439771
"5"	"left"	"threat"	"left"	1.0850740197726
"5"	"right"	"threat"	"right"	1.05517410073181
"5"	"left"	"threat"	"left"	1.30559731728542
"5"	"left"	"threat"	"left"	1.00761215609771
"5"	"left"	"threat"	"right"	1.63098490185143
"5"	"left"	"threat"	"left"	1.47432805797266
"5"	"right"	"threat"	"right"	1.33358811766205
"5"	"left"	"threat"	"left"	1.31147395363889
"5"	"left"	"threat"	"left"	1.63121691904335
"5"	"left"	"threat"	"right"	1.39596503896945
"5"	"right"	"threat"	"left"	1.14269000654417
"5"	"right"	"threat"	"right"	0.96209634077098
"5"	"left"	"threat"	"left"	0.964783979241725
"5"	"right"	"threat"	"right"	0.880952524754152
"5"	"right"	"threat"	"left"	1.07962777900439
"5"	"right"	"threat"	"left"	1.69668553784022
"5"	"right"	"threat"	"right"	1.76012171662378
"5"	"left"	"threat"	"right"	1.1397886594807
"5"	"left"	"threat"	"left"	0.922400015102672
"5"	"left"	"threat"	"right"	1.08635107397493
"5"	"right"	"threat"	"right"	1.01249173277005
"5"	"right"	"threat"	"right"	1.05089009678743
"5"	"left"	"threat"	"right"	0.842103802856697
"5"	"right"	"threat"	"right"	0.977230225795135
"5"	"left"	"threat"	"right"	2.74804268214011
"5"	"left"	"threat"	"left"	1.37109319283216
"5"	"left"	"threat"	"left"	1.49457558364687
"5"	"left"	"threat"	"left"	1.36816565923028
"5"	"right"	"threat"	"right"	2.58649234681837
"5"	"left"	"threat"	"right"	1.21978406093961
"5"	"right"	"threat"	"left"	1.15548828457441
"5"	"right"	"threat"	"right"	1.55268406544063
"5"	"left"	"threat"	"right"	1.78389319606107
"5"	"right"	"threat"	"right"	0.979024143707725
"5"	"left"	"threat"	"left"	1.07031595665867
"5"	"right"	"threat"	"right"	1.18994015499198
"5"	"right"	"threat"	"left"	1.01076514135851
"5"	"left"	"threat"	"right"	1.36998292431915
"5"	"left"	"threat"	"left"	1.22940252691818
"5"	"left"	"threat"	"right"	2.03929960741125
"5"	"right"	"threat"	"right"	1.00748456515006
"5"	"right"	"threat"	"left"	1.16688922870153
"5"	"left"	"threat"	"left"	1.16109243953273
"5"	"left"	"threat"	"left"	1.54514442932736
"5"	"right"	"threat"	"left"	1.98998129340667
"5"	"left"	"threat"	"left"	1.02600011756993
"5"	"right"	"threat"	"left"	1.17975556163696
"5"	"right"	"threat"	"right"	0.945951326596245
"5"	"right"	"threat"	"left"	2.00898070101594
"5"	"left"	"threat"	"right"	1.85362496158518
"5"	"left"	"threat"	"left"	1.94800137261599
"5"	"left"	"threat"	"right"	1.98567735975185
"5"	"right"	"threat"	"left"	1.78267602306493
"5"	"right"	"threat"	"right"	1.56700720138619
"5"	"right"	"threat"	"left"	1.49892248768548
"5"	"right"	"threat"	"left"	2.0854186912357
"5"	"left"	"threat"	"right"	1.52182345625146
"5"	"right"	"threat"	"right"	1.13081488762947
"5"	"left"	"threat"	"right"	1.12035412350619
"5"	"left"	"threat"	"left"	0.894921375467455
"5"	"right"	"threat"	"left"	1.70724511370337
"5"	"right"	"threat"	"left"	1.03480464624739
"5"	"right"	"threat"	"left"	3.58539204485603
"5"	"right"	"threat"	"left"	1.4248341161247
"5"	"right"	"threat"	"right"	1.0126473966928
"5"	"right"	"threat"	"right"	1.00711586013884
"5"	"right"	"threat"	"right"	1.30247022263486
"5"	"left"	"threat"	"left"	0.958857246416612
"5"	"left"	"threat"	"left"	0.939101844449349
"5"	"left"	"threat"	"left"	1.77542180403152
"5"	"left"	"threat"	"left"	0.888458794939446
"5"	"left"	"threat"	"left"	0.845691552813456
"5"	"right"	"threat"	"right"	1.01785416488402
"5"	"left"	"threat"	"right"	2.39697419738398
"5"	"left"	"threat"	"left"	1.80412691233373
"5"	"right"	"threat"	"right"	2.0218996986139
"5"	"right"	"threat"	"right"	1.14988656636243
"5"	"right"	"threat"	"right"	1.53217290174251
"5"	"left"	"threat"	"left"	1.0310247665801
"5"	"left"	"threat"	"left"	1.9592103415168
"5"	"right"	"threat"	"left"	1.30444305251804
"5"	"left"	"threat"	"right"	0.955311738399518
"5"	"left"	"threat"	"left"	0.971552064320694
"5"	"right"	"threat"	"right"	0.888752617717817
"5"	"left"	"threat"	"left"	0.902508921836604
"5"	"left"	"threat"	"left"	1.17840580366359
"5"	"right"	"threat"	"right"	1.72352747969943
"5"	"right"	"threat"	"right"	0.876272928846551
"5"	"left"	"threat"	"left"	1.12907267970791
"5"	"left"	"threat"	"right"	0.87486525261967
"5"	"left"	"threat"	"left"	0.900446097514232
"5"	"left"	"threat"	"left"	1.58810885883234
"5"	"left"	"threat"	"left"	1.64995410638726
"5"	"left"	"threat"	"left"	0.933756166211349
"5"	"right"	"threat"	"left"	1.13673349902774
"5"	"left"	"threat"	"right"	1.22120456577824
"5"	"left"	"threat"	"left"	0.913618441278382
"5"	"left"	"threat"	"right"	2.17324767224044
"5"	"right"	"threat"	"left"	1.07052895830282
"5"	"right"	"threat"	"right"	1.63531671493617
"5"	"left"	"threat"	"right"	1.23914092841878
"5"	"left"	"threat"	"right"	1.61373050189352
"5"	"left"	"threat"	"right"	0.989166024251617
"5"	"left"	"threat"	"left"	1.02784719336106
"5"	"right"	"threat"	"left"	0.933445640008978
"5"	"right"	"threat"	"right"	1.00731822625593
"5"	"left"	"threat"	"left"	1.00431025710954
"5"	"right"	"threat"	"right"	1.64203290261093
"5"	"right"	"threat"	"right"	1.1099693534872
"5"	"left"	"threat"	"right"	1.12293324300488
"5"	"left"	"threat"	"left"	1.05811320861236
"5"	"right"	"threat"	"left"	1.04990856509852
"5"	"left"	"threat"	"right"	1.11721395898668
"5"	"right"	"threat"	"left"	1.03353922373681
"5"	"right"	"threat"	"left"	1.30337117118733
"5"	"left"	"threat"	"left"	0.968060583764016
"5"	"right"	"threat"	"right"	1.37063616436033
"5"	"right"	"threat"	"right"	0.916636494677648
"5"	"right"	"threat"	"right"	1.32442430530882
"5"	"left"	"threat"	"left"	1.2406258632048
"5"	"left"	"threat"	"left"	1.59497882424543
"5"	"right"	"threat"	"right"	1.75501823374429
"5"	"right"	"threat"	"right"	0.873453026326806
"5"	"right"	"threat"	"left"	1.29630221599746
"5"	"right"	"threat"	"right"	1.30129894997897
"5"	"right"	"threat"	"left"	0.918302339042022
"5"	"left"	"threat"	"left"	1.21541768593059
"5"	"right"	"threat"	"right"	1.76608099707034
"5"	"left"	"threat"	"right"	1.18255858202198
"5"	"left"	"threat"	"right"	1.02413453638492
"5"	"left"	"threat"	"left"	1.4187420354369
"5"	"right"	"threat"	"right"	1.15825677812184
"5"	"left"	"threat"	"left"	1.65445023076092
"5"	"right"	"threat"	"left"	1.04578904339201
"5"	"left"	"threat"	"left"	1.00518746241589
"5"	"right"	"threat"	"right"	0.938890673572912
"5"	"left"	"threat"	"right"	0.865837356319914
"5"	"right"	"threat"	"left"	1.08565741588079
"5"	"left"	"threat"	"left"	1.04081370494874
"5"	"right"	"threat"	"right"	0.984736565080697
"5"	"right"	"threat"	"right"	1.37221033835113
"5"	"left"	"threat"	"left"	1.00294937678575
"5"	"right"	"threat"	"right"	1.07514008604868
"5"	"left"	"threat"	"left"	2.07703750852717
"5"	"right"	"threat"	"right"	1.48289394549026
"5"	"right"	"threat"	"left"	1.06813191714108
"5"	"left"	"threat"	"left"	0.970530680780918
"5"	"right"	"threat"	"right"	0.901427638592687
"5"	"left"	"threat"	"left"	0.9479552781455
"5"	"left"	"threat"	"left"	0.857235327055347
"5"	"left"	"threat"	"left"	1.19730586318001
"5"	"left"	"threat"	"left"	1.17581527263423
"5"	"right"	"threat"	"right"	0.964591263586287
"5"	"right"	"threat"	"right"	1.21632164153857
"5"	"right"	"threat"	"right"	0.894699599052072
"5"	"left"	"threat"	"right"	0.877868411997071
"5"	"right"	"threat"	"right"	1.02895863724022
"5"	"right"	"threat"	"left"	1.39828291182433
"5"	"left"	"threat"	"left"	1.09148607655372
"5"	"right"	"threat"	"left"	1.19297372585362
"5"	"right"	"threat"	"right"	1.47935406684074
"5"	"left"	"threat"	"left"	0.939541178172482
"5"	"left"	"threat"	"right"	1.33258665881025
"5"	"left"	"threat"	"left"	0.953528420059837
"5"	"left"	"threat"	"left"	1.11602982644793
"5"	"right"	"threat"	"left"	2.28245603837741
"5"	"right"	"threat"	"right"	0.950828072845564
"5"	"left"	"threat"	"left"	1.42558281452976
"5"	"right"	"threat"	"left"	0.964214890187956
"5"	"right"	"threat"	"right"	1.83826158893494
"5"	"right"	"threat"	"right"	1.18847620249427
"5"	"right"	"threat"	"right"	1.36076716272198
"5"	"right"	"threat"	"right"	1.03471059758483
"6"	"left"	"safe"	"right"	0.307479152935475
"6"	"left"	"safe"	"left"	0.222220776819905
"6"	"right"	"safe"	"right"	0.363499500442845
"6"	"right"	"safe"	"right"	0.219209207052851
"6"	"left"	"safe"	"left"	0.550509755991843
"6"	"left"	"safe"	"left"	0.393765487927797
"6"	"left"	"safe"	"right"	0.401430117962443
"6"	"right"	"safe"	"right"	0.39951000581238
"6"	"left"	"safe"	"left"	0.293324433666716
"6"	"left"	"safe"	"right"	0.4325510327752
"6"	"left"	"safe"	"right"	0.657468635848933
"6"	"left"	"safe"	"right"	0.26408360953063
"6"	"right"	"safe"	"right"	0.429755930613033
"6"	"right"	"safe"	"right"	0.397279434900998
"6"	"right"	"safe"	"right"	0.269387231152366
"6"	"right"	"safe"	"right"	0.496360797350213
"6"	"right"	"safe"	"right"	0.473680265260506
"6"	"left"	"safe"	"left"	0.262362248014533
"6"	"right"	"safe"	"right"	0.296286338171257
"6"	"right"	"safe"	"left"	0.254164527317433
"6"	"right"	"safe"	"left"	0.249255249410681
"6"	"left"	"safe"	"left"	0.649416761247231
"6"	"right"	"safe"	"right"	0.221155813258219
"6"	"left"	"safe"	"right"	0.206670876067636
"6"	"left"	"safe"	"left"	0.367241411226754
"6"	"left"	"safe"	"left"	0.22046583927711
"6"	"left"	"safe"	"left"	0.250418643737078
"6"	"right"	"safe"	"right"	0.262171999022061
"6"	"right"	"safe"	"right"	0.544717357828307
"6"	"left"	"safe"	"left"	0.221474095273944
"6"	"right"	"safe"	"right"	0.274689535162054
"6"	"left"	"safe"	"left"	0.284515708015508
"6"	"right"	"safe"	"left"	0.378021182267874
"6"	"right"	"safe"	"right"	0.450615086173309
"6"	"right"	"safe"	"right"	0.582294391848361
"6"	"left"	"safe"	"left"	0.323517654197732
"6"	"left"	"safe"	"left"	0.253048790180414
"6"	"left"	"safe"	"left"	0.447039775561037
"6"	"right"	"safe"	"right"	0.230173471718062
"6"	"left"	"safe"	"right"	0.650783920634803
"6"	"left"	"safe"	"right"	0.264407431368512
"6"	"right"	"safe"	"right"	0.537080173058048
"6"	"right"	"safe"	"left"	0.471825840761414
"6"	"left"	"safe"	"left"	0.279494528203647
"6"	"right"	"safe"	"right"	0.476681709477341
"6"	"right"	"safe"	"right"	0.274076973693671
"6"	"left"	"safe"	"left"	0.317593239035631
"6"	"left"	"safe"	"left"	0.454841719572808
"6"	"left"	"safe"	"left"	0.371644288841517
"6"	"right"	"safe"	"right"	0.379571710579847
"6"	"right"	"safe"	"right"	0.331897571868536
"6"	"right"	"safe"	"right"	0.242206083759127
"6"	"left"	"safe"	"left"	0.248540173410988
"6"	"right"	"safe"	"right"	0.346468020398865
"6"	"right"	"safe"	"left"	1.25250819465568
"6"	"left"	"safe"	"right"	0.307809941152305
"6"	"left"	"safe"	"left"	0.350473829150024
"6"	"right"	"safe"	"left"	0.321126368606697
"6"	"right"	"safe"	"right"	0.904994986692971
"6"	"left"	"safe"	"left"	0.272177864334755
"6"	"right"	"safe"	"left"	0.232336780285111
"6"	"right"	"safe"	"right"	0.413811009212329
"6"	"left"	"safe"	"right"	0.220232954381393
"6"	"right"	"safe"	"right"	0.362546041033924
"6"	"left"	"safe"	"right"	0.504238286937417
"6"	"left"	"safe"	"left"	0.514010651672118
"6"	"right"	"safe"	"right"	0.293056024660645
"6"	"right"	"safe"	"right"	0.260485265201879
"6"	"right"	"safe"	"right"	0.305099232059651
"6"	"left"	"safe"	"left"	0.207314491222807
"6"	"left"	"safe"	"left"	0.319551064457083
"6"	"left"	"safe"	"right"	0.226591272767881
"6"	"left"	"safe"	"left"	0.587499293800723
"6"	"right"	"safe"	"right"	0.306985403078022
"6"	"left"	"safe"	"left"	0.401543525555221
"6"	"left"	"safe"	"right"	0.242158150132222
"6"	"right"	"safe"	"right"	0.27325291118187
"6"	"right"	"safe"	"right"	0.406142900779808
"6"	"left"	"safe"	"right"	0.329595048976452
"6"	"right"	"safe"	"right"	0.49613838194631
"6"	"left"	"safe"	"left"	0.286915181586745
"6"	"left"	"safe"	"right"	0.323926171919421
"6"	"right"	"safe"	"right"	0.308075604224383
"6"	"right"	"safe"	"right"	0.399436509382486
"6"	"left"	"safe"	"left"	0.243454488229831
"6"	"left"	"safe"	"right"	0.29731281358255
"6"	"left"	"safe"	"right"	0.375736703885634
"6"	"left"	"safe"	"right"	0.403944404169957
"6"	"left"	"safe"	"left"	0.359693778178053
"6"	"left"	"safe"	"left"	0.783731144323023
"6"	"right"	"safe"	"right"	0.478969680788078
"6"	"left"	"safe"	"left"	0.367764050852732
"6"	"left"	"safe"	"left"	0.424088165945465
"6"	"right"	"safe"	"left"	0.307547892098028
"6"	"left"	"safe"	"left"	0.253440873212038
"6"	"right"	"safe"	"left"	0.264016735222708
"6"	"left"	"safe"	"left"	0.373470907936178
"6"	"left"	"safe"	"right"	0.336636707487021
"6"	"right"	"safe"	"left"	0.459288689077353
"6"	"right"	"safe"	"right"	0.263562029723297
"6"	"left"	"safe"	"left"	0.25916546434124
"6"	"right"	"safe"	"right"	0.427908592256718
"6"	"right"	"safe"	"left"	0.464004044365449
"6"	"left"	"safe"	"left"	0.918620016185969
"6"	"left"	"safe"	"right"	0.658588561634918
"6"	"left"	"safe"	"left"	0.539492376381405
"6"	"right"	"safe"	"right"	0.216785723832389
"6"	"left"	"safe"	"left"	0.342629471243997
"6"	"left"	"safe"	"left"	0.308815414369385
"6"	"right"	"safe"	"left"	0.239518021921219
"6"	"left"	"safe"	"left"	0.616811435063671
"6"	"right"	"safe"	"right"	0.341386044907888
"6"	"left"	"safe"	"left"	0.90083076855554
"6"	"right"	"safe"	"right"	0.298110176198645
"6"	"left"	"safe"	"right"	0.336081465649555
"6"	"right"	"safe"	"right"	0.274661584742318
"6"	"right"	"safe"	"right"	0.336717173715042
"6"	"right"	"safe"	"right"	0.733351104087144
"6"	"left"	"safe"	"right"	0.230243479346722
"6"	"right"	"safe"	"right"	0.252135111157269
"6"	"left"	"safe"	"right"	0.249832515213724
"6"	"left"	"safe"	"right"	0.220015293131329
"6"	"left"	"safe"	"left"	0.342481562856881
"6"	"left"	"safe"	"right"	0.503956850066643
"6"	"left"	"safe"	"left"	0.995220557999328
"6"	"left"	"safe"	"left"	0.333977238241195
"6"	"right"	"safe"	"right"	0.217507635861902
"6"	"left"	"safe"	"right"	0.481649169782756
"6"	"left"	"safe"	"left"	0.478419217036777
"6"	"left"	"safe"	"left"	0.466607318617648
"6"	"right"	"safe"	"right"	0.243776974635736
"6"	"right"	"safe"	"left"	0.273974423880638
"6"	"right"	"safe"	"left"	0.262878171365755
"6"	"left"	"safe"	"left"	0.333937849663472
"6"	"left"	"safe"	"left"	0.366639820862638
"6"	"right"	"safe"	"left"	0.295853797096399
"6"	"right"	"safe"	"right"	0.304750147510808
"6"	"right"	"safe"	"right"	0.499754730348702
"6"	"right"	"safe"	"right"	0.242096222986976
"6"	"right"	"safe"	"left"	0.357700246287466
"6"	"left"	"safe"	"left"	0.301244961771453
"6"	"left"	"safe"	"left"	0.511098146381544
"6"	"left"	"safe"	"right"	0.506449673547913
"6"	"left"	"safe"	"left"	0.446992707390456
"6"	"right"	"safe"	"right"	0.296833829851341
"6"	"left"	"safe"	"left"	0.260173961672116
"6"	"left"	"safe"	"left"	0.449783363049242
"6"	"right"	"safe"	"right"	0.263723025581951
"6"	"right"	"safe"	"right"	0.305399778015497
"6"	"right"	"safe"	"left"	0.227833721105331
"6"	"right"	"safe"	"right"	0.253941921249254
"6"	"right"	"safe"	"left"	0.656539037649025
"6"	"right"	"safe"	"right"	0.262464009191116
"6"	"right"	"safe"	"left"	0.220857622660703
"6"	"right"	"safe"	"right"	0.553675136803385
"6"	"left"	"safe"	"left"	0.335396853800156
"6"	"left"	"safe"	"left"	0.350433970839294
"6"	"right"	"safe"	"right"	0.289924720247302
"6"	"left"	"safe"	"left"	0.586434773051535
"6"	"left"	"safe"	"right"	0.445970374433148
"6"	"left"	"safe"	"left"	0.424997401849499
"6"	"left"	"safe"	"left"	0.289765049157415
"6"	"right"	"safe"	"right"	0.258754867912987
"6"	"left"	"safe"	"right"	0.347260991885077
"6"	"right"	"safe"	"right"	0.379667150472949
"6"	"left"	"safe"	"right"	0.351785841955776
"6"	"right"	"safe"	"right"	0.703276203490784
"6"	"right"	"safe"	"right"	0.283146680349564
"6"	"right"	"safe"	"right"	0.504647368388191
"6"	"left"	"safe"	"left"	0.342375318785961
"6"	"right"	"safe"	"right"	0.496225322959574
"6"	"left"	"safe"	"right"	0.284992964086485
"6"	"right"	"safe"	"right"	0.323570751360954
"6"	"left"	"safe"	"left"	0.296187501614469
"6"	"right"	"safe"	"right"	0.350803390940295
"6"	"right"	"safe"	"right"	0.897620475252448
"6"	"right"	"safe"	"right"	0.291965940541134
"6"	"left"	"safe"	"right"	0.46421671994347
"6"	"left"	"safe"	"right"	0.215096934352152
"6"	"right"	"safe"	"right"	0.411194349338344
"6"	"left"	"safe"	"left"	0.367774007195558
"6"	"left"	"safe"	"right"	0.269935300099036
"6"	"right"	"safe"	"right"	0.751162598081015
"6"	"left"	"safe"	"right"	0.628492593819353
"6"	"right"	"safe"	"left"	0.209013211002855
"6"	"right"	"safe"	"right"	0.237608317151952
"6"	"left"	"safe"	"left"	0.387310093090656
"6"	"right"	"safe"	"right"	0.545817208506683
"6"	"left"	"safe"	"right"	0.339258653058071
"6"	"right"	"safe"	"left"	0.621362097954928
"6"	"left"	"safe"	"right"	0.76091457315474
"6"	"left"	"safe"	"left"	0.679497752260785
"6"	"right"	"safe"	"left"	0.395276029663563
"6"	"left"	"safe"	"left"	0.468167615646221
"6"	"right"	"safe"	"right"	0.64194899301396
"6"	"right"	"safe"	"right"	0.301942162283778
"6"	"left"	"safe"	"left"	0.580509301430314
"6"	"right"	"safe"	"right"	0.541365553132228
"6"	"right"	"safe"	"left"	0.547612397784472
"6"	"left"	"safe"	"right"	0.242212247852342
"6"	"left"	"safe"	"left"	0.269658558731354
"6"	"left"	"safe"	"right"	0.259164770472078
"6"	"right"	"safe"	"right"	0.599367543824152
"6"	"right"	"safe"	"left"	0.358437192034668
"6"	"left"	"safe"	"left"	0.223689797000891
"6"	"right"	"safe"	"right"	0.366635161489633
"6"	"left"	"safe"	"right"	0.380372621841428
"6"	"right"	"safe"	"right"	0.414342556665889
"6"	"left"	"safe"	"left"	0.222800599106787
"6"	"left"	"safe"	"right"	0.209714304766338
"6"	"right"	"safe"	"right"	0.390428613878677
"6"	"right"	"safe"	"right"	0.478516585803724
"6"	"right"	"safe"	"right"	0.403904798135237
"6"	"right"	"safe"	"left"	0.620149187032106
"6"	"right"	"safe"	"right"	0.623443979417372
"6"	"right"	"safe"	"right"	0.23664136898333
"6"	"right"	"safe"	"left"	0.205774846247361
"6"	"right"	"safe"	"left"	0.475280413438589
"6"	"left"	"safe"	"left"	0.241201703179763
"6"	"right"	"safe"	"left"	0.321030586790153
"6"	"left"	"safe"	"right"	0.266268359149494
"6"	"right"	"safe"	"right"	0.229857946672123
"6"	"right"	"safe"	"left"	0.532566675113308
"6"	"left"	"safe"	"left"	0.275767014238374
"6"	"left"	"safe"	"right"	0.433327760805061
"6"	"left"	"safe"	"left"	0.328887842508205
"6"	"right"	"safe"	"right"	0.394000618866844
"6"	"left"	"safe"	"left"	0.386645203484788
"6"	"right"	"safe"	"right"	0.529030404356781
"6"	"right"	"safe"	"right"	0.413506189061209
"6"	"left"	"threat"	"left"	0.376409777398089
"6"	"left"	"threat"	"left"	1.60590588000011
"6"	"left"	"threat"	"left"	0.269447371366726
"6"	"left"	"threat"	"left"	0.445475161020363
"6"	"right"	"threat"	"right"	0.466286297194034
"6"	"left"	"threat"	"left"	0.849107595990263
"6"	"left"	"threat"	"left"	0.47942026778618
"6"	"right"	"threat"	"right"	0.859585234547046
"6"	"left"	"threat"	"left"	0.524342014966574
"6"	"left"	"threat"	"left"	0.763389121226764
"6"	"right"	"threat"	"left"	0.422531815069789
"6"	"left"	"threat"	"right"	1.43219083413714
"6"	"right"	"threat"	"right"	0.360317364718832
"6"	"right"	"threat"	"right"	0.426065300145584
"6"	"left"	"threat"	"right"	0.505049828440515
"6"	"right"	"threat"	"right"	0.305412862015446
"6"	"right"	"threat"	"right"	1.51612051204687
"6"	"right"	"threat"	"right"	0.678534721815897
"6"	"right"	"threat"	"right"	0.443886098122517
"6"	"right"	"threat"	"right"	0.577355885335141
"6"	"right"	"threat"	"right"	0.678041211175135
"6"	"right"	"threat"	"right"	0.249161046995035
"6"	"left"	"threat"	"right"	0.768201631929106
"6"	"right"	"threat"	"right"	0.778288000337223
"6"	"left"	"threat"	"right"	0.601066431668796
"6"	"right"	"threat"	"right"	0.746220106567416
"6"	"left"	"threat"	"left"	1.25996577387377
"6"	"left"	"threat"	"right"	1.53233098872939
"6"	"left"	"threat"	"left"	0.330279499308505
"6"	"right"	"threat"	"right"	0.477618680381869
"6"	"left"	"threat"	"right"	0.798303802776759
"6"	"left"	"threat"	"right"	0.861547357554326
"6"	"right"	"threat"	"right"	0.533406210953068
"6"	"right"	"threat"	"left"	0.25233542141744
"6"	"right"	"threat"	"left"	0.444135317807365
"6"	"right"	"threat"	"right"	0.82254583239781
"6"	"left"	"threat"	"right"	0.26106676229036
"6"	"left"	"threat"	"right"	0.802511753072266
"6"	"left"	"threat"	"left"	0.423324135338052
"6"	"left"	"threat"	"right"	0.560308900761122
"6"	"left"	"threat"	"left"	0.361193694453557
"6"	"left"	"threat"	"left"	0.495460626610999
"6"	"right"	"threat"	"right"	0.928677649221541
"6"	"right"	"threat"	"left"	0.711665934319156
"6"	"left"	"threat"	"left"	0.486604805904589
"6"	"right"	"threat"	"left"	0.328585510981292
"6"	"left"	"threat"	"left"	0.537762937688721
"6"	"right"	"threat"	"right"	1.01371243343045
"6"	"right"	"threat"	"left"	0.621560927018484
"6"	"right"	"threat"	"left"	0.913838815586955
"6"	"left"	"threat"	"right"	0.602433172844473
"6"	"left"	"threat"	"right"	0.42862236427855
"6"	"right"	"threat"	"right"	2.1789374409431
"6"	"left"	"threat"	"left"	0.827073714710957
"6"	"right"	"threat"	"right"	2.02385393081578
"6"	"right"	"threat"	"left"	0.866177858005789
"6"	"left"	"threat"	"left"	0.357092908237397
"6"	"left"	"threat"	"left"	0.818801470975406
"6"	"right"	"threat"	"right"	0.807438469269959
"6"	"left"	"threat"	"left"	0.405189221740999
"6"	"left"	"threat"	"right"	0.31144784077544
"6"	"left"	"threat"	"left"	1.30770370517315
"6"	"right"	"threat"	"right"	0.443536213583843
"6"	"right"	"threat"	"right"	0.559735640056318
"6"	"left"	"threat"	"left"	0.593215040843463
"6"	"left"	"threat"	"left"	0.625685361293789
"6"	"right"	"threat"	"left"	0.756040627036306
"6"	"left"	"threat"	"left"	0.635548767821666
"6"	"left"	"threat"	"right"	1.04253923847435
"6"	"right"	"threat"	"right"	0.529045238443357
"6"	"right"	"threat"	"right"	0.430521989813536
"6"	"left"	"threat"	"left"	1.18314311088053
"6"	"left"	"threat"	"left"	0.602676913293534
"6"	"right"	"threat"	"right"	0.649420877536489
"6"	"left"	"threat"	"left"	0.807739521902497
"6"	"right"	"threat"	"right"	0.435499534827187
"6"	"left"	"threat"	"left"	0.848874881290421
"6"	"right"	"threat"	"right"	0.972819134909146
"6"	"left"	"threat"	"left"	0.557690717315217
"6"	"right"	"threat"	"right"	0.456847357812289
"6"	"right"	"threat"	"right"	0.265886351057473
"6"	"left"	"threat"	"left"	0.677597742816607
"6"	"left"	"threat"	"left"	0.62288708246289
"6"	"left"	"threat"	"right"	0.555789928535695
"6"	"left"	"threat"	"left"	0.417545574036331
"6"	"left"	"threat"	"right"	1.67168438153246
"6"	"left"	"threat"	"left"	0.578616710049494
"6"	"right"	"threat"	"left"	1.6570351045346
"6"	"right"	"threat"	"left"	0.703633374010863
"6"	"left"	"threat"	"left"	0.789865247588622
"6"	"left"	"threat"	"left"	1.21279652432529
"6"	"left"	"threat"	"left"	0.346720347958561
"6"	"right"	"threat"	"right"	0.70582264003457
"6"	"right"	"threat"	"right"	0.374578168073614
"6"	"left"	"threat"	"left"	1.68123391266178
"6"	"right"	"threat"	"right"	1.33020216701078
"6"	"left"	"threat"	"right"	0.576833258291027
"6"	"right"	"threat"	"left"	0.265460392990045
"6"	"right"	"threat"	"left"	1.42230549390486
"6"	"right"	"threat"	"right"	0.500382691177512
"6"	"right"	"threat"	"right"	0.508619793392174
"6"	"right"	"threat"	"right"	0.560372452575338
"6"	"right"	"threat"	"right"	0.354084715978788
"6"	"left"	"threat"	"right"	2.34469903622055
"6"	"left"	"threat"	"left"	1.00485717734969
"6"	"right"	"threat"	"right"	0.365194961042467
"6"	"right"	"threat"	"right"	0.411424123348824
"6"	"right"	"threat"	"right"	0.776589289675198
"6"	"right"	"threat"	"right"	0.632712717206037
"6"	"left"	"threat"	"left"	1.24411528268996
"6"	"left"	"threat"	"left"	0.824093006252373
"6"	"left"	"threat"	"left"	0.602328545265206
"6"	"left"	"threat"	"left"	0.342118512576949
"6"	"right"	"threat"	"right"	1.2299847707402
"6"	"left"	"threat"	"right"	0.471718626739689
"6"	"left"	"threat"	"left"	0.854034287141183
"6"	"right"	"threat"	"right"	0.449538635903611
"6"	"left"	"threat"	"left"	0.316368993008649
"6"	"right"	"threat"	"right"	0.493386990026154
"6"	"left"	"threat"	"left"	0.709986402384171
"6"	"left"	"threat"	"left"	0.657452653584317
"6"	"right"	"threat"	"right"	0.734873258473619
"6"	"left"	"threat"	"left"	0.515626791550919
"6"	"right"	"threat"	"right"	0.950853740994477
"6"	"left"	"threat"	"left"	0.862328773344026
"6"	"right"	"threat"	"right"	1.04443142720956
"6"	"right"	"threat"	"left"	0.713044506628137
"6"	"right"	"threat"	"right"	0.274662472813749
"6"	"right"	"threat"	"right"	0.839065936065633
"6"	"right"	"threat"	"left"	0.43189651863475
"6"	"left"	"threat"	"left"	0.523277248675569
"6"	"left"	"threat"	"left"	0.801014693182057
"6"	"left"	"threat"	"right"	0.55670190086533
"6"	"right"	"threat"	"right"	0.471355320281483
"6"	"right"	"threat"	"right"	0.434324248255603
"6"	"right"	"threat"	"right"	0.676717461549293
"6"	"right"	"threat"	"left"	0.981153240025673
"6"	"left"	"threat"	"right"	0.460076164497723
"6"	"left"	"threat"	"left"	0.45532804836446
"6"	"right"	"threat"	"right"	0.35592710520743
"6"	"left"	"threat"	"right"	0.882651703070543
"6"	"right"	"threat"	"left"	0.603711410086037
"6"	"right"	"threat"	"right"	1.50217923411482
"6"	"right"	"threat"	"right"	0.732725344074128
"6"	"right"	"threat"	"right"	1.55717897722634
"6"	"right"	"threat"	"left"	0.630523440223081
"6"	"left"	"threat"	"right"	0.865196116223044
"6"	"left"	"threat"	"right"	0.556853387903001
"6"	"right"	"threat"	"right"	0.549972465789946
"6"	"left"	"threat"	"right"	0.254366038606121
"6"	"left"	"threat"	"left"	0.741275454426077
"6"	"right"	"threat"	"right"	0.351955797074394
"6"	"left"	"threat"	"right"	0.683909728007394
"6"	"left"	"threat"	"right"	0.575436768275317
"6"	"right"	"threat"	"left"	0.98945048324527
"6"	"right"	"threat"	"left"	0.519472761036285
"6"	"left"	"threat"	"right"	0.774339853441274
"6"	"left"	"threat"	"left"	0.676066612425558
"6"	"left"	"threat"	"left"	0.341729365420961
"6"	"left"	"threat"	"right"	0.301729431170717
"6"	"right"	"threat"	"right"	0.52273467674606
"6"	"right"	"threat"	"right"	0.989171445519979
"6"	"left"	"threat"	"left"	0.33602917552187
"6"	"right"	"threat"	"right"	1.16218797548597
"6"	"left"	"threat"	"right"	0.764119608207779
"6"	"right"	"threat"	"right"	0.439909354009123
"6"	"right"	"threat"	"right"	0.310740920629235
"6"	"left"	"threat"	"left"	0.645885561801241
"6"	"left"	"threat"	"left"	1.15380879252931
"6"	"right"	"threat"	"right"	1.15736673830125
"6"	"left"	"threat"	"left"	1.10956652508785
"6"	"right"	"threat"	"left"	0.711692952838977
"6"	"right"	"threat"	"right"	1.06766375271668
"6"	"right"	"threat"	"right"	1.1087444394997
"6"	"left"	"threat"	"left"	0.584873618900697
"6"	"left"	"threat"	"left"	0.351456428865113
"6"	"left"	"threat"	"right"	1.15946437703751
"6"	"left"	"threat"	"left"	0.560846498861246
"6"	"left"	"threat"	"left"	0.770911750397446
"6"	"right"	"threat"	"right"	0.256236882490616
"6"	"right"	"threat"	"left"	0.694503699367627
"6"	"right"	"threat"	"right"	0.829226463384015
"6"	"left"	"threat"	"left"	0.305466429813685
"6"	"right"	"threat"	"right"	0.875277736506123
"6"	"right"	"threat"	"right"	0.555312910127536
"6"	"right"	"threat"	"right"	1.20037769838685
"6"	"left"	"threat"	"left"	0.319541011953996
"6"	"right"	"threat"	"right"	0.252190158085631
"6"	"right"	"threat"	"left"	0.431738254380051
"6"	"left"	"threat"	"left"	0.723305937638093
"6"	"left"	"threat"	"left"	0.888510492683813
"6"	"left"	"threat"	"left"	0.243206923701748
"6"	"right"	"threat"	"right"	0.625573928552828
"6"	"right"	"threat"	"right"	0.961369369692475
"6"	"left"	"threat"	"right"	0.302966087073252
"6"	"left"	"threat"	"left"	0.797695608115188
"6"	"left"	"threat"	"left"	0.751966151596308
"6"	"right"	"threat"	"left"	0.325848386197058
"6"	"left"	"threat"	"left"	1.34337573320844
"6"	"right"	"threat"	"right"	1.05373961210021
"6"	"left"	"threat"	"right"	0.738778438996786
"6"	"right"	"threat"	"left"	0.422307746733543
"6"	"left"	"threat"	"left"	0.411117053898802
"6"	"left"	"threat"	"right"	0.49950617239856
"6"	"left"	"threat"	"right"	0.822946602521795
"6"	"right"	"threat"	"right"	0.584069271746336
"6"	"right"	"threat"	"right"	0.774701252538089
"6"	"left"	"threat"	"left"	0.446034809912832
"6"	"left"	"threat"	"left"	0.405753761966764
"6"	"right"	"threat"	"right"	0.353155221182634
"6"	"left"	"threat"	"left"	0.325286511459391
"6"	"right"	"threat"	"right"	0.306277977252461
"6"	"right"	"threat"	"left"	0.68880196802055
"6"	"right"	"threat"	"left"	1.08937468318815
"6"	"right"	"threat"	"right"	0.383082835457271
"6"	"right"	"threat"	"right"	1.08469144655854
"6"	"left"	"threat"	"left"	0.273666192665049
"6"	"left"	"threat"	"right"	0.385352709385727
"6"	"right"	"threat"	"right"	0.285463392816728
"6"	"left"	"threat"	"right"	0.772476509684673
"6"	"right"	"threat"	"right"	1.98014402960351
"6"	"right"	"threat"	"right"	0.447222793598123
"6"	"right"	"threat"	"right"	0.659341087380845
"6"	"left"	"threat"	"left"	1.04658481279462
"6"	"right"	"threat"	"right"	0.896314372953394
"6"	"right"	"threat"	"right"	0.568483436891014
"6"	"right"	"threat"	"right"	1.19083047570005
"6"	"left"	"threat"	"left"	0.477416142602367
"6"	"left"	"threat"	"left"	0.675698310966025
"6"	"left"	"threat"	"left"	0.310941226438207
"7"	"right"	"safe"	"right"	0.434463658008099
"7"	"right"	"safe"	"right"	0.351917188915265
"7"	"right"	"safe"	"left"	0.412059393256805
"7"	"right"	"safe"	"right"	0.312443738948046
"7"	"right"	"safe"	"right"	0.341034268993513
"7"	"right"	"safe"	"right"	0.620018637227497
"7"	"right"	"safe"	"right"	0.189837021948583
"7"	"right"	"safe"	"right"	0.653842652193552
"7"	"right"	"safe"	"right"	0.181470383835424
"7"	"left"	"safe"	"left"	0.342864568704084
"7"	"left"	"safe"	"left"	0.255818799953167
"7"	"right"	"safe"	"right"	0.3041130042946
"7"	"left"	"safe"	"left"	0.304395120014522
"7"	"right"	"safe"	"left"	0.324133930920499
"7"	"left"	"safe"	"left"	0.370043976495601
"7"	"right"	"safe"	"right"	0.155267915349639
"7"	"left"	"safe"	"left"	0.287833604992356
"7"	"right"	"safe"	"right"	0.205225046161309
"7"	"left"	"safe"	"left"	0.163157858080548
"7"	"left"	"safe"	"right"	0.229012102632144
"7"	"left"	"safe"	"right"	0.395908647321401
"7"	"left"	"safe"	"right"	0.396442298753058
"7"	"right"	"safe"	"right"	0.202147934485843
"7"	"right"	"safe"	"right"	0.253209195716718
"7"	"right"	"safe"	"right"	0.340110768978016
"7"	"left"	"safe"	"right"	0.394546207720104
"7"	"right"	"safe"	"right"	0.343969457203293
"7"	"left"	"safe"	"left"	0.287073455445484
"7"	"left"	"safe"	"left"	0.509747573591398
"7"	"left"	"safe"	"right"	0.225061036683241
"7"	"left"	"safe"	"left"	0.304420230364136
"7"	"right"	"safe"	"right"	0.2856217947934
"7"	"right"	"safe"	"left"	0.309926644976874
"7"	"right"	"safe"	"left"	0.18779049725166
"7"	"left"	"safe"	"left"	0.161189962030859
"7"	"right"	"safe"	"right"	0.449917683252911
"7"	"right"	"safe"	"left"	0.493049090047474
"7"	"left"	"safe"	"left"	0.428392877415215
"7"	"left"	"safe"	"left"	0.402773399839546
"7"	"right"	"safe"	"right"	0.213041760444361
"7"	"right"	"safe"	"right"	0.486833687883493
"7"	"right"	"safe"	"left"	0.255863246537622
"7"	"left"	"safe"	"left"	0.357501015719846
"7"	"right"	"safe"	"left"	0.172509960995609
"7"	"left"	"safe"	"right"	0.300856896873953
"7"	"left"	"safe"	"left"	0.3712544935394
"7"	"right"	"safe"	"right"	0.179579317913434
"7"	"left"	"safe"	"left"	0.183804277800902
"7"	"left"	"safe"	"left"	0.372861500417493
"7"	"right"	"safe"	"left"	0.175771844966684
"7"	"left"	"safe"	"left"	0.235749739883058
"7"	"right"	"safe"	"right"	0.322669681698944
"7"	"left"	"safe"	"right"	0.261304468359175
"7"	"left"	"safe"	"left"	0.149853994451768
"7"	"right"	"safe"	"left"	0.158697816381057
"7"	"right"	"safe"	"right"	0.215923104066635
"7"	"right"	"safe"	"right"	0.14339290211215
"7"	"left"	"safe"	"right"	0.155718911435815
"7"	"left"	"safe"	"right"	0.169614938437714
"7"	"left"	"safe"	"left"	0.483693614111637
"7"	"right"	"safe"	"right"	0.220542859086725
"7"	"right"	"safe"	"left"	0.341893508792965
"7"	"right"	"safe"	"left"	0.480090786037699
"7"	"right"	"safe"	"right"	0.243336135218205
"7"	"right"	"safe"	"right"	0.289319199815791
"7"	"right"	"safe"	"left"	0.1518619194163
"7"	"left"	"safe"	"left"	0.172825717465577
"7"	"right"	"safe"	"left"	0.308489708873832
"7"	"left"	"safe"	"left"	0.200174359536752
"7"	"left"	"safe"	"right"	0.242071322136265
"7"	"left"	"safe"	"left"	0.795753235292307
"7"	"left"	"safe"	"right"	0.406356039259825
"7"	"left"	"safe"	"left"	0.241644923336659
"7"	"left"	"safe"	"left"	0.212897473219001
"7"	"left"	"safe"	"left"	0.168902342889326
"7"	"left"	"safe"	"left"	0.172570995679759
"7"	"right"	"safe"	"left"	0.356692971455164
"7"	"left"	"safe"	"left"	0.263142694727112
"7"	"left"	"safe"	"left"	0.173914074921107
"7"	"right"	"safe"	"right"	0.210364783717561
"7"	"left"	"safe"	"left"	0.252710972733112
"7"	"left"	"safe"	"left"	0.191413306196581
"7"	"left"	"safe"	"left"	0.182514097240451
"7"	"right"	"safe"	"right"	0.205950022040613
"7"	"right"	"safe"	"left"	0.407735039073486
"7"	"right"	"safe"	"right"	0.387168105648449
"7"	"right"	"safe"	"right"	0.332346499396532
"7"	"left"	"safe"	"left"	0.413872411223639
"7"	"left"	"safe"	"left"	0.188739175509105
"7"	"left"	"safe"	"left"	0.184036951499069
"7"	"right"	"safe"	"right"	0.20826855117923
"7"	"right"	"safe"	"right"	1.0620261219415
"7"	"right"	"safe"	"right"	0.373544831942115
"7"	"right"	"safe"	"right"	0.207080977970573
"7"	"right"	"safe"	"right"	0.566935803406574
"7"	"left"	"safe"	"right"	0.164632741208066
"7"	"left"	"safe"	"left"	0.377929489206081
"7"	"right"	"safe"	"left"	0.375024670439704
"7"	"right"	"safe"	"right"	0.15524003051603
"7"	"right"	"safe"	"left"	0.328177193393092
"7"	"right"	"safe"	"right"	0.534471552785057
"7"	"left"	"safe"	"left"	0.650471772452411
"7"	"left"	"safe"	"right"	0.238882361968983
"7"	"right"	"safe"	"left"	0.753897712012098
"7"	"left"	"safe"	"left"	0.225477671807664
"7"	"right"	"safe"	"left"	0.461654080576903
"7"	"left"	"safe"	"right"	0.180204199943074
"7"	"left"	"safe"	"left"	0.309990000785098
"7"	"right"	"safe"	"right"	0.359915740722264
"7"	"right"	"safe"	"left"	0.168810973883053
"7"	"right"	"safe"	"left"	0.747205095690736
"7"	"left"	"safe"	"left"	0.520297881983067
"7"	"left"	"safe"	"right"	0.274125701903708
"7"	"right"	"safe"	"right"	0.137078126432953
"7"	"left"	"safe"	"left"	0.321822714756063
"7"	"left"	"safe"	"left"	0.141001337249019
"7"	"left"	"safe"	"left"	0.274270465940284
"7"	"left"	"safe"	"left"	0.286852831141787
"7"	"right"	"safe"	"left"	0.283284400307161
"7"	"left"	"safe"	"left"	0.226513275318711
"7"	"right"	"safe"	"right"	0.41623951583342
"7"	"right"	"safe"	"right"	0.236803261962828
"7"	"left"	"safe"	"left"	0.191944550450515
"7"	"left"	"safe"	"right"	0.360617347792564
"7"	"left"	"safe"	"left"	0.217744221310241
"7"	"right"	"safe"	"right"	0.274561602921832
"7"	"right"	"safe"	"left"	0.458070645165485
"7"	"right"	"safe"	"left"	0.337109176311767
"7"	"left"	"safe"	"right"	0.217045507585134
"7"	"left"	"safe"	"right"	0.161453732489117
"7"	"left"	"safe"	"left"	0.21476316651986
"7"	"left"	"safe"	"left"	0.224495477076022
"7"	"left"	"safe"	"left"	0.215288960524915
"7"	"right"	"safe"	"right"	0.228541100842993
"7"	"left"	"safe"	"left"	0.27981647162002
"7"	"left"	"safe"	"right"	0.850412070945289
"7"	"right"	"safe"	"right"	0.185532362740264
"7"	"right"	"safe"	"right"	0.161074810431531
"7"	"right"	"safe"	"left"	0.238883801532959
"7"	"left"	"safe"	"left"	0.183588045492929
"7"	"left"	"safe"	"right"	0.199750296382486
"7"	"right"	"safe"	"right"	0.168241784060392
"7"	"left"	"safe"	"left"	0.176421349529358
"7"	"right"	"safe"	"left"	0.284170931317016
"7"	"right"	"safe"	"right"	0.30710941862721
"7"	"right"	"safe"	"right"	0.235757787243032
"7"	"right"	"safe"	"left"	0.325857312690066
"7"	"left"	"safe"	"right"	0.50808741478016
"7"	"right"	"safe"	"left"	0.320328482500803
"7"	"left"	"safe"	"left"	0.459183646039584
"7"	"left"	"safe"	"right"	0.228768079711743
"7"	"left"	"safe"	"right"	0.280050531922165
"7"	"right"	"safe"	"left"	0.313534214082848
"7"	"right"	"safe"	"right"	0.942567598902714
"7"	"right"	"safe"	"right"	0.569431444637194
"7"	"left"	"safe"	"right"	0.410227150774575
"7"	"left"	"safe"	"left"	0.232178284427272
"7"	"right"	"safe"	"left"	0.300704440345001
"7"	"right"	"safe"	"right"	0.173098622897217
"7"	"left"	"safe"	"left"	0.147758846347872
"7"	"right"	"safe"	"left"	0.31588081158134
"7"	"right"	"safe"	"left"	0.571843364175139
"7"	"right"	"safe"	"left"	0.166113833665283
"7"	"left"	"safe"	"left"	0.355588284628495
"7"	"right"	"safe"	"right"	0.220019726093832
"7"	"right"	"safe"	"right"	0.189548505839254
"7"	"left"	"safe"	"right"	0.633758889855767
"7"	"right"	"safe"	"right"	0.341161474147082
"7"	"right"	"safe"	"right"	0.233732415720119
"7"	"left"	"safe"	"left"	0.156071258568007
"7"	"left"	"safe"	"right"	0.187044314249878
"7"	"left"	"safe"	"left"	0.208352666891153
"7"	"right"	"safe"	"right"	0.355499328344262
"7"	"left"	"safe"	"left"	0.728369020562255
"7"	"left"	"safe"	"left"	0.313469820207196
"7"	"right"	"safe"	"right"	0.239714367982809
"7"	"left"	"safe"	"right"	0.294632157358896
"7"	"left"	"safe"	"left"	0.1682806618799
"7"	"left"	"safe"	"left"	0.161719596635016
"7"	"left"	"safe"	"left"	0.167859549287199
"7"	"right"	"safe"	"right"	0.294152887327009
"7"	"left"	"safe"	"right"	0.149629077269228
"7"	"right"	"safe"	"right"	0.148429701650358
"7"	"left"	"safe"	"right"	0.205301861314314
"7"	"right"	"safe"	"right"	0.153912168978892
"7"	"right"	"safe"	"right"	0.218521650322481
"7"	"right"	"safe"	"right"	0.399910979358326
"7"	"right"	"safe"	"right"	0.23444789249398
"7"	"left"	"safe"	"left"	0.196496524581458
"7"	"right"	"safe"	"right"	0.254390053073392
"7"	"right"	"safe"	"left"	0.433614625258682
"7"	"right"	"safe"	"right"	0.189649155433496
"7"	"right"	"safe"	"right"	0.416014100434877
"7"	"left"	"safe"	"left"	0.217324455429763
"7"	"left"	"safe"	"left"	0.259353619202468
"7"	"left"	"safe"	"right"	0.418702957309094
"7"	"left"	"safe"	"left"	0.293791804353435
"7"	"right"	"safe"	"right"	0.189945214586707
"7"	"left"	"safe"	"left"	0.357361988890449
"7"	"left"	"safe"	"right"	0.440202214980988
"7"	"right"	"safe"	"right"	0.210355525073503
"7"	"left"	"safe"	"left"	0.182172986584964
"7"	"right"	"safe"	"right"	0.430822000911526
"7"	"left"	"safe"	"right"	0.315829181484738
"7"	"right"	"safe"	"left"	0.149537175148299
"7"	"right"	"safe"	"left"	0.276274979749633
"7"	"right"	"safe"	"right"	0.409311926548929
"7"	"left"	"safe"	"left"	0.275091102989213
"7"	"left"	"safe"	"left"	0.214573067155052
"7"	"left"	"safe"	"left"	0.174081025188468
"7"	"right"	"safe"	"right"	0.24188509879814
"7"	"right"	"safe"	"right"	0.234744167408752
"7"	"left"	"safe"	"left"	0.529333984939679
"7"	"right"	"safe"	"right"	0.180642434818292
"7"	"left"	"safe"	"right"	0.15665824008569
"7"	"left"	"safe"	"left"	0.254095693271814
"7"	"right"	"safe"	"right"	0.375731602218275
"7"	"right"	"safe"	"right"	0.436111861446214
"7"	"left"	"safe"	"left"	0.33057565910396
"7"	"right"	"safe"	"right"	0.844832634578584
"7"	"left"	"safe"	"left"	0.547825108593337
"7"	"right"	"safe"	"right"	0.191082673881132
"7"	"right"	"safe"	"right"	0.358900204033641
"7"	"right"	"safe"	"left"	0.442514248596646
"7"	"left"	"safe"	"right"	0.160164259355046
"7"	"left"	"safe"	"right"	0.216008389884703
"7"	"left"	"safe"	"right"	0.329457784282211
"7"	"left"	"safe"	"right"	1.02586505912152
"7"	"left"	"safe"	"right"	0.226391197463975
"7"	"left"	"safe"	"left"	0.15777473746158
"7"	"right"	"threat"	"right"	0.570497932960532
"7"	"left"	"threat"	"right"	0.389761598569101
"7"	"left"	"threat"	"left"	0.424553861652941
"7"	"right"	"threat"	"right"	0.356241268864554
"7"	"right"	"threat"	"right"	0.20619053846694
"7"	"right"	"threat"	"right"	0.583809561017119
"7"	"right"	"threat"	"left"	0.303230508062915
"7"	"right"	"threat"	"left"	0.3622981378534
"7"	"right"	"threat"	"right"	1.14212875483773
"7"	"left"	"threat"	"right"	0.466225823269114
"7"	"right"	"threat"	"right"	0.310083945260832
"7"	"right"	"threat"	"right"	0.328538571195158
"7"	"right"	"threat"	"right"	0.508389459393338
"7"	"left"	"threat"	"right"	0.235968290553236
"7"	"left"	"threat"	"right"	0.21593943264444
"7"	"left"	"threat"	"left"	0.209498308506942
"7"	"right"	"threat"	"right"	0.417240265421081
"7"	"left"	"threat"	"left"	0.219094413848871
"7"	"left"	"threat"	"left"	0.744414196484636
"7"	"right"	"threat"	"right"	0.190096375653597
"7"	"left"	"threat"	"left"	0.414201334778617
"7"	"left"	"threat"	"right"	0.301017461088887
"7"	"left"	"threat"	"left"	0.83625787103912
"7"	"right"	"threat"	"right"	0.343421284437468
"7"	"right"	"threat"	"right"	0.423320810537833
"7"	"left"	"threat"	"left"	0.68504944626414
"7"	"left"	"threat"	"left"	0.217697872170875
"7"	"left"	"threat"	"left"	0.18626041570802
"7"	"left"	"threat"	"right"	0.565831014632195
"7"	"left"	"threat"	"left"	0.291799573512401
"7"	"left"	"threat"	"left"	0.375109850490355
"7"	"right"	"threat"	"left"	0.361486373489369
"7"	"right"	"threat"	"right"	0.361684637949838
"7"	"left"	"threat"	"left"	0.314982980908825
"7"	"right"	"threat"	"right"	0.200792025560274
"7"	"right"	"threat"	"right"	0.267536650116452
"7"	"right"	"threat"	"right"	0.386785053892853
"7"	"left"	"threat"	"left"	0.349201237639073
"7"	"left"	"threat"	"right"	0.214525085741511
"7"	"left"	"threat"	"right"	0.31646165952332
"7"	"right"	"threat"	"left"	0.731190228875975
"7"	"left"	"threat"	"left"	0.214259075959686
"7"	"right"	"threat"	"left"	0.219588887568856
"7"	"right"	"threat"	"right"	0.203570871414399
"7"	"right"	"threat"	"right"	0.530018500511111
"7"	"left"	"threat"	"left"	0.290482802630178
"7"	"left"	"threat"	"left"	0.501300118307986
"7"	"right"	"threat"	"right"	0.179362698104008
"7"	"right"	"threat"	"right"	0.281998068239961
"7"	"left"	"threat"	"left"	1.138521050621
"7"	"left"	"threat"	"left"	0.61625893637694
"7"	"right"	"threat"	"left"	0.247441704795642
"7"	"right"	"threat"	"left"	0.26155659596676
"7"	"right"	"threat"	"right"	0.161170366940252
"7"	"left"	"threat"	"left"	0.324597190425752
"7"	"left"	"threat"	"right"	0.3934921397685
"7"	"right"	"threat"	"left"	0.209943125453226
"7"	"right"	"threat"	"right"	0.255736988298192
"7"	"left"	"threat"	"right"	0.547807264297196
"7"	"left"	"threat"	"right"	0.247361509977878
"7"	"left"	"threat"	"left"	0.281672962474379
"7"	"left"	"threat"	"right"	0.196244627239944
"7"	"right"	"threat"	"left"	0.241029682320422
"7"	"right"	"threat"	"right"	0.310264905896388
"7"	"left"	"threat"	"right"	0.494011776863478
"7"	"right"	"threat"	"right"	0.445861784572385
"7"	"right"	"threat"	"left"	0.20898718735314
"7"	"right"	"threat"	"right"	1.19518390881887
"7"	"left"	"threat"	"left"	0.275444730594185
"7"	"left"	"threat"	"right"	0.297485903633953
"7"	"left"	"threat"	"left"	0.863164759023367
"7"	"left"	"threat"	"left"	0.349342981306308
"7"	"right"	"threat"	"left"	0.192654278058263
"7"	"right"	"threat"	"right"	0.336348000229927
"7"	"right"	"threat"	"right"	0.280830705638009
"7"	"right"	"threat"	"left"	0.390064355710262
"7"	"left"	"threat"	"left"	0.239940614671827
"7"	"right"	"threat"	"right"	0.210780749309933
"7"	"right"	"threat"	"left"	0.966315216599037
"7"	"left"	"threat"	"left"	0.156099687349747
"7"	"left"	"threat"	"left"	0.248624037917764
"7"	"right"	"threat"	"right"	0.505924626335969
"7"	"right"	"threat"	"left"	0.303555216283728
"7"	"right"	"threat"	"left"	0.199461722740762
"7"	"right"	"threat"	"right"	0.183971512786741
"7"	"left"	"threat"	"right"	0.158251050686248
"7"	"left"	"threat"	"right"	0.262001196574906
"7"	"right"	"threat"	"left"	0.747821137855735
"7"	"right"	"threat"	"right"	0.665937697057753
"7"	"left"	"threat"	"left"	0.270827974308209
"7"	"right"	"threat"	"right"	0.527579918493101
"7"	"right"	"threat"	"right"	0.35610050467219
"7"	"left"	"threat"	"right"	0.581082622587743
"7"	"left"	"threat"	"right"	0.911028881594888
"7"	"right"	"threat"	"right"	0.31600024574044
"7"	"right"	"threat"	"left"	0.457495500762115
"7"	"left"	"threat"	"left"	0.476506649118021
"7"	"left"	"threat"	"left"	0.220587236130347
"7"	"right"	"threat"	"right"	0.158578365419142
"7"	"left"	"threat"	"left"	0.169758456112665
"7"	"right"	"threat"	"right"	0.394348957244565
"7"	"left"	"threat"	"right"	0.49141724403317
"7"	"left"	"threat"	"left"	0.211447933673116
"7"	"right"	"threat"	"right"	0.326635046576314
"7"	"left"	"threat"	"left"	0.249308061520688
"7"	"left"	"threat"	"left"	0.201582925553258
"7"	"left"	"threat"	"right"	0.342598924460715
"7"	"right"	"threat"	"left"	0.207202397246873
"7"	"left"	"threat"	"left"	0.190696465315244
"7"	"right"	"threat"	"right"	0.203231477356012
"7"	"right"	"threat"	"right"	0.384095065869403
"7"	"left"	"threat"	"left"	0.799140016236589
"7"	"right"	"threat"	"left"	0.282705863264631
"7"	"right"	"threat"	"left"	0.206743604099559
"7"	"right"	"threat"	"left"	0.78757093617525
"7"	"right"	"threat"	"right"	1.02658625105348
"7"	"left"	"threat"	"left"	0.233526472224625
"7"	"left"	"threat"	"right"	0.298307134138918
"7"	"left"	"threat"	"right"	0.23676866374106
"7"	"right"	"threat"	"right"	0.571886674331769
"7"	"right"	"threat"	"right"	0.867359160940409
"7"	"left"	"threat"	"right"	0.937496890808246
"7"	"left"	"threat"	"left"	0.644386237948775
"7"	"right"	"threat"	"left"	0.177561094499597
"7"	"left"	"threat"	"left"	0.484692648792099
"7"	"left"	"threat"	"left"	0.468763194448737
"7"	"right"	"threat"	"right"	0.591277166960615
"7"	"right"	"threat"	"left"	0.404370614649233
"7"	"left"	"threat"	"left"	0.307063177395045
"7"	"left"	"threat"	"right"	0.364190459325016
"7"	"right"	"threat"	"right"	0.195031831285665
"7"	"right"	"threat"	"right"	0.330923346566368
"7"	"right"	"threat"	"right"	0.367903358775889
"7"	"left"	"threat"	"left"	0.243635023617394
"7"	"left"	"threat"	"left"	0.162513454500027
"7"	"left"	"threat"	"left"	0.413075253111122
"7"	"right"	"threat"	"right"	0.262750658633691
"7"	"right"	"threat"	"right"	0.509947575039012
"7"	"right"	"threat"	"right"	0.294463955577576
"7"	"right"	"threat"	"right"	0.164429111642538
"7"	"left"	"threat"	"left"	0.439364402771457
"7"	"right"	"threat"	"right"	0.333517644086777
"7"	"left"	"threat"	"left"	0.35566789674423
"7"	"left"	"threat"	"left"	0.860271708051974
"7"	"left"	"threat"	"left"	0.211386994287876
"7"	"left"	"threat"	"left"	0.425659528076061
"7"	"right"	"threat"	"left"	0.191877424764051
"7"	"left"	"threat"	"right"	0.338184615128544
"7"	"left"	"threat"	"left"	0.402879526284183
"7"	"right"	"threat"	"right"	0.517259982833448
"7"	"right"	"threat"	"left"	0.362816241653152
"7"	"left"	"threat"	"left"	0.592590185840555
"7"	"right"	"threat"	"left"	0.367967641581748
"7"	"left"	"threat"	"right"	0.242862559523115
"7"	"left"	"threat"	"left"	0.855192675463656
"7"	"right"	"threat"	"right"	0.30039058143366
"7"	"right"	"threat"	"right"	0.299559359993023
"7"	"right"	"threat"	"right"	0.222555217586311
"7"	"left"	"threat"	"left"	0.185379803206709
"7"	"left"	"threat"	"right"	0.200592556365319
"7"	"left"	"threat"	"left"	0.190596508788132
"7"	"right"	"threat"	"right"	0.363646748836623
"7"	"right"	"threat"	"right"	0.165637999637063
"7"	"right"	"threat"	"right"	0.297585449584394
"7"	"left"	"threat"	"right"	0.228008005488819
"7"	"left"	"threat"	"right"	0.258480434387563
"7"	"left"	"threat"	"right"	0.752437921737522
"7"	"right"	"threat"	"right"	0.330436685252735
"7"	"right"	"threat"	"right"	0.461768736952954
"7"	"left"	"threat"	"right"	0.202108235696516
"7"	"right"	"threat"	"right"	0.255886586266007
"7"	"right"	"threat"	"right"	0.163698831001686
"7"	"left"	"threat"	"right"	0.328664108154281
"7"	"left"	"threat"	"left"	1.20119911396383
"7"	"right"	"threat"	"right"	0.722648379809508
"7"	"left"	"threat"	"left"	0.360543815043079
"7"	"left"	"threat"	"left"	0.631470956116094
"7"	"right"	"threat"	"right"	0.269562025869228
"7"	"left"	"threat"	"left"	0.800902252145408
"7"	"left"	"threat"	"right"	0.231699611900099
"7"	"left"	"threat"	"right"	0.670787951996373
"7"	"right"	"threat"	"left"	0.253280057469132
"7"	"right"	"threat"	"right"	0.708785623190341
"7"	"left"	"threat"	"left"	0.549475984294775
"7"	"left"	"threat"	"right"	0.376368690896444
"7"	"right"	"threat"	"right"	0.509045670019077
"7"	"right"	"threat"	"right"	0.500432020964087
"7"	"right"	"threat"	"left"	0.250321759965886
"7"	"left"	"threat"	"left"	0.421051336361632
"7"	"right"	"threat"	"right"	0.188716958108132
"7"	"left"	"threat"	"right"	0.340673881928628
"7"	"left"	"threat"	"right"	0.341968769439115
"7"	"right"	"threat"	"right"	0.538707748335347
"7"	"left"	"threat"	"left"	0.492396449563308
"7"	"left"	"threat"	"left"	0.215533072400396
"7"	"right"	"threat"	"left"	0.198130640693919
"7"	"left"	"threat"	"right"	0.254278122369137
"7"	"left"	"threat"	"left"	0.644650825112146
"7"	"right"	"threat"	"left"	0.337996425862443
"7"	"left"	"threat"	"right"	0.34300353050761
"7"	"left"	"threat"	"right"	0.140472064927163
"7"	"left"	"threat"	"left"	0.184198747840107
"7"	"left"	"threat"	"right"	0.324181471609896
"7"	"left"	"threat"	"right"	0.176842104598047
"7"	"left"	"threat"	"right"	0.823438240746529
"7"	"right"	"threat"	"right"	0.317291462971664
"7"	"right"	"threat"	"left"	0.291532104914613
"7"	"right"	"threat"	"right"	0.60406531921261
"7"	"right"	"threat"	"left"	0.300788714313569
"7"	"left"	"threat"	"right"	0.447044093048058
"7"	"right"	"threat"	"right"	0.221437201555277
"7"	"right"	"threat"	"right"	0.240921568255612
"7"	"left"	"threat"	"left"	0.238764263456482
"7"	"right"	"threat"	"right"	0.496188883366452
"7"	"right"	"threat"	"right"	0.563046446360764
"7"	"right"	"threat"	"right"	0.418936444956651
"7"	"right"	"threat"	"right"	0.230792442507177
"7"	"right"	"threat"	"left"	0.171016583176087
"7"	"right"	"threat"	"left"	0.233762152989581
"7"	"right"	"threat"	"left"	0.717869075733823
"7"	"left"	"threat"	"left"	0.757748525522052
"7"	"left"	"threat"	"right"	0.592569476549892
"7"	"left"	"threat"	"left"	0.165031287144507
"7"	"left"	"threat"	"right"	0.235099656932144
"7"	"left"	"threat"	"left"	0.348142287054742
"7"	"right"	"threat"	"left"	0.2758211089376
"7"	"right"	"threat"	"right"	0.423723505952943
"7"	"right"	"threat"	"right"	0.258328087572328
"7"	"left"	"threat"	"left"	0.240789534900623
"7"	"left"	"threat"	"left"	0.444047755231292
"8"	"right"	"safe"	"right"	0.334418358243229
"8"	"right"	"safe"	"right"	0.57766493814704
"8"	"left"	"safe"	"right"	0.220411775707605
"8"	"left"	"safe"	"left"	0.29625590145558
"8"	"left"	"safe"	"left"	0.311285277049941
"8"	"left"	"safe"	"right"	0.298386521598857
"8"	"right"	"safe"	"left"	0.421046610081441
"8"	"left"	"safe"	"right"	0.272949304038741
"8"	"left"	"safe"	"right"	0.304631554734335
"8"	"right"	"safe"	"right"	0.236800844978114
"8"	"left"	"safe"	"left"	0.533055795875224
"8"	"left"	"safe"	"left"	0.346644777968493
"8"	"left"	"safe"	"left"	0.24801502651471
"8"	"right"	"safe"	"right"	0.44236873750238
"8"	"left"	"safe"	"left"	0.240715285910595
"8"	"left"	"safe"	"left"	0.550921109252242
"8"	"left"	"safe"	"left"	0.481597994212454
"8"	"left"	"safe"	"left"	0.624287240660544
"8"	"right"	"safe"	"right"	0.362979244890989
"8"	"right"	"safe"	"left"	0.476322782514309
"8"	"left"	"safe"	"left"	0.296155143178283
"8"	"left"	"safe"	"left"	0.552324070140214
"8"	"left"	"safe"	"left"	0.351817160598396
"8"	"left"	"safe"	"left"	0.729249328118178
"8"	"left"	"safe"	"left"	0.303434289824326
"8"	"left"	"safe"	"left"	0.415178637772664
"8"	"left"	"safe"	"right"	0.25193176700665
"8"	"right"	"safe"	"left"	0.591889430617941
"8"	"left"	"safe"	"left"	0.757767895854241
"8"	"right"	"safe"	"right"	0.340007391550776
"8"	"right"	"safe"	"right"	0.264827265598483
"8"	"right"	"safe"	"left"	0.278019419826083
"8"	"right"	"safe"	"left"	0.427793301455082
"8"	"left"	"safe"	"right"	0.419082014297286
"8"	"right"	"safe"	"right"	0.51074016559293
"8"	"right"	"safe"	"left"	1.20280912252361
"8"	"left"	"safe"	"left"	0.283734159958213
"8"	"right"	"safe"	"right"	0.27753199783455
"8"	"right"	"safe"	"right"	0.389932932077721
"8"	"right"	"safe"	"right"	0.458557366826771
"8"	"left"	"safe"	"left"	0.324440381415192
"8"	"left"	"safe"	"left"	0.220240750565902
"8"	"left"	"safe"	"right"	0.211235821528003
"8"	"left"	"safe"	"right"	0.25194498090745
"8"	"left"	"safe"	"left"	0.270714931200343
"8"	"right"	"safe"	"right"	0.312256880864193
"8"	"left"	"safe"	"left"	0.508859395375393
"8"	"left"	"safe"	"right"	0.465164563870844
"8"	"right"	"safe"	"right"	0.686894081795902
"8"	"left"	"safe"	"left"	0.255137686949443
"8"	"left"	"safe"	"left"	0.367296237313509
"8"	"right"	"safe"	"right"	0.270434935478907
"8"	"right"	"safe"	"right"	0.298274557283282
"8"	"right"	"safe"	"right"	0.381374186737889
"8"	"left"	"safe"	"left"	0.393795709894562
"8"	"left"	"safe"	"left"	0.340986061150939
"8"	"right"	"safe"	"right"	0.313402978706446
"8"	"left"	"safe"	"right"	0.224878768916234
"8"	"left"	"safe"	"left"	0.279616158396624
"8"	"left"	"safe"	"left"	0.578438072164431
"8"	"right"	"safe"	"right"	0.209888203268477
"8"	"right"	"safe"	"right"	0.446086893854546
"8"	"left"	"safe"	"left"	0.278146472901169
"8"	"right"	"safe"	"right"	0.269874184149334
"8"	"right"	"safe"	"right"	0.339342331299194
"8"	"left"	"safe"	"right"	0.407177634730922
"8"	"right"	"safe"	"left"	0.305150939416528
"8"	"right"	"safe"	"left"	0.257011287315398
"8"	"right"	"safe"	"left"	0.558866213016426
"8"	"right"	"safe"	"right"	0.216040614587429
"8"	"left"	"safe"	"left"	0.516327118948219
"8"	"right"	"safe"	"right"	0.306904017111122
"8"	"left"	"safe"	"left"	0.58417735862639
"8"	"right"	"safe"	"left"	0.206383148539556
"8"	"left"	"safe"	"right"	0.248552532812791
"8"	"right"	"safe"	"right"	0.461585369733922
"8"	"right"	"safe"	"left"	0.250605994248569
"8"	"left"	"safe"	"left"	0.663567052339293
"8"	"right"	"safe"	"right"	0.369690576954355
"8"	"right"	"safe"	"right"	0.219611730593624
"8"	"left"	"safe"	"left"	0.212709510151956
"8"	"right"	"safe"	"right"	0.357223807019587
"8"	"right"	"safe"	"right"	0.238097291744901
"8"	"left"	"safe"	"left"	0.317103641293738
"8"	"left"	"safe"	"right"	0.566292777208289
"8"	"left"	"safe"	"left"	0.283294500839941
"8"	"right"	"safe"	"right"	0.250321551934951
"8"	"left"	"safe"	"right"	0.698059635099805
"8"	"right"	"safe"	"right"	0.849302412962394
"8"	"right"	"safe"	"left"	0.324998306013653
"8"	"right"	"safe"	"left"	0.464796482301001
"8"	"right"	"safe"	"right"	0.422026797370706
"8"	"left"	"safe"	"right"	0.388978246792357
"8"	"left"	"safe"	"left"	0.492585525805767
"8"	"left"	"safe"	"left"	0.224495404036807
"8"	"right"	"safe"	"right"	0.326919947393971
"8"	"left"	"safe"	"left"	0.227356604733928
"8"	"right"	"safe"	"right"	0.514410051215749
"8"	"right"	"safe"	"right"	0.496529650639525
"8"	"left"	"safe"	"left"	0.29461322924416
"8"	"right"	"safe"	"right"	0.550770708957706
"8"	"left"	"safe"	"left"	0.768907051269455
"8"	"right"	"safe"	"right"	0.445293200113239
"8"	"left"	"safe"	"left"	0.534885573148008
"8"	"left"	"safe"	"right"	0.233729432065978
"8"	"right"	"safe"	"right"	0.211583051919871
"8"	"right"	"safe"	"right"	0.327591340308653
"8"	"right"	"safe"	"left"	0.344547834923817
"8"	"left"	"safe"	"left"	0.385442206418112
"8"	"left"	"safe"	"left"	0.224180629865178
"8"	"right"	"safe"	"left"	0.329721007535046
"8"	"right"	"safe"	"right"	0.593225432873054
"8"	"left"	"safe"	"left"	0.264640949603038
"8"	"right"	"safe"	"right"	0.612076777416772
"8"	"right"	"safe"	"right"	0.506775644618682
"8"	"left"	"safe"	"left"	0.366984701028768
"8"	"left"	"safe"	"left"	0.317817240805681
"8"	"left"	"safe"	"left"	0.395201732708518
"8"	"left"	"safe"	"left"	1.00604144434441
"8"	"left"	"safe"	"left"	0.399302502606246
"8"	"left"	"safe"	"right"	0.446301838140743
"8"	"left"	"safe"	"left"	0.34527462705643
"8"	"left"	"safe"	"left"	0.537195268501067
"8"	"left"	"safe"	"left"	0.274630627457359
"8"	"left"	"safe"	"left"	0.414241966519499
"8"	"right"	"safe"	"right"	0.441036634255866
"8"	"right"	"safe"	"left"	0.561333764678615
"8"	"left"	"safe"	"right"	1.01281996866551
"8"	"right"	"safe"	"right"	0.417706744904831
"8"	"left"	"safe"	"left"	0.402908040196425
"8"	"right"	"safe"	"right"	0.325616410856877
"8"	"left"	"safe"	"right"	0.27372350545441
"8"	"left"	"safe"	"right"	0.370052275873363
"8"	"left"	"safe"	"right"	0.238619874357865
"8"	"left"	"safe"	"right"	0.310688213132082
"8"	"left"	"safe"	"right"	0.389908814291045
"8"	"left"	"safe"	"left"	0.23137623809057
"8"	"right"	"safe"	"left"	0.208462879843898
"8"	"right"	"safe"	"right"	0.227936920522355
"8"	"right"	"safe"	"right"	0.337764561610537
"8"	"right"	"safe"	"right"	0.297072335730077
"8"	"right"	"safe"	"left"	0.306357699392767
"8"	"left"	"safe"	"left"	0.255031620258402
"8"	"left"	"safe"	"left"	0.437601636580801
"8"	"left"	"safe"	"left"	0.256262523925485
"8"	"right"	"safe"	"left"	0.655685470749408
"8"	"right"	"safe"	"right"	0.796748805905656
"8"	"right"	"safe"	"left"	1.0551766380472
"8"	"left"	"safe"	"left"	0.777257864580537
"8"	"left"	"safe"	"left"	0.966671370034566
"8"	"left"	"safe"	"right"	0.37070891449191
"8"	"right"	"safe"	"left"	0.262553341268257
"8"	"left"	"safe"	"left"	0.261125278109882
"8"	"right"	"safe"	"left"	0.339611432497842
"8"	"left"	"safe"	"left"	0.391690331551676
"8"	"right"	"safe"	"right"	0.384725549041429
"8"	"right"	"safe"	"right"	0.329611585056964
"8"	"left"	"safe"	"right"	0.229833501639358
"8"	"left"	"safe"	"left"	0.624855514029564
"8"	"right"	"safe"	"left"	0.575450873067105
"8"	"left"	"safe"	"right"	0.417605545405617
"8"	"left"	"safe"	"left"	0.470780590939009
"8"	"right"	"safe"	"left"	0.419980439724319
"8"	"right"	"safe"	"left"	0.425512074934187
"8"	"right"	"safe"	"right"	0.552185241260067
"8"	"right"	"safe"	"left"	0.489865808990096
"8"	"left"	"safe"	"right"	0.239730956384274
"8"	"right"	"safe"	"left"	0.274658448085997
"8"	"right"	"safe"	"right"	0.306749038660687
"8"	"right"	"safe"	"right"	0.502087593296806
"8"	"right"	"safe"	"right"	0.582074562964443
"8"	"right"	"safe"	"right"	0.385116306243592
"8"	"right"	"safe"	"right"	0.396983547745872
"8"	"right"	"safe"	"left"	0.359939056548776
"8"	"right"	"safe"	"right"	0.315565276468527
"8"	"left"	"safe"	"left"	0.591773925219453
"8"	"right"	"safe"	"right"	0.302273914255819
"8"	"left"	"safe"	"left"	0.398884083056652
"8"	"right"	"safe"	"left"	0.289389840417316
"8"	"left"	"safe"	"left"	0.401445935770766
"8"	"left"	"safe"	"right"	0.612417521999391
"8"	"left"	"safe"	"right"	0.237220182054351
"8"	"left"	"safe"	"left"	0.204488586117414
"8"	"left"	"safe"	"left"	0.247537758020446
"8"	"left"	"safe"	"left"	0.352214067041234
"8"	"right"	"safe"	"left"	0.37080101994296
"8"	"left"	"safe"	"right"	0.333678641075786
"8"	"right"	"safe"	"right"	0.3276923554786
"8"	"right"	"safe"	"left"	0.260266968702999
"8"	"left"	"safe"	"left"	0.548360514385949
"8"	"left"	"safe"	"left"	0.48878860956837
"8"	"right"	"safe"	"right"	0.422529438114132
"8"	"right"	"safe"	"right"	0.53539943652851
"8"	"right"	"safe"	"right"	0.426444234077424
"8"	"right"	"safe"	"right"	0.333989539004939
"8"	"left"	"safe"	"left"	0.611908661644078
"8"	"left"	"safe"	"left"	0.276508356005824
"8"	"right"	"safe"	"left"	0.399416683936113
"8"	"left"	"safe"	"left"	0.296043266626925
"8"	"right"	"safe"	"right"	0.29937381199635
"8"	"right"	"safe"	"right"	0.274789237772442
"8"	"left"	"safe"	"left"	0.310161524814712
"8"	"left"	"safe"	"right"	0.333256034253993
"8"	"right"	"safe"	"left"	0.289483909201117
"8"	"right"	"safe"	"right"	0.98240526555172
"8"	"left"	"safe"	"right"	0.233793040855636
"8"	"right"	"safe"	"left"	0.259155743056536
"8"	"left"	"safe"	"left"	0.213440032292142
"8"	"right"	"safe"	"right"	0.311458692684788
"8"	"right"	"safe"	"left"	0.787512386990311
"8"	"right"	"safe"	"left"	0.394249553423308
"8"	"right"	"safe"	"left"	0.630415337412699
"8"	"left"	"safe"	"left"	0.261278576973565
"8"	"right"	"safe"	"left"	0.361097314625556
"8"	"right"	"safe"	"right"	0.272105452689644
"8"	"right"	"safe"	"left"	0.260510830088561
"8"	"right"	"safe"	"left"	0.501332956257064
"8"	"left"	"safe"	"right"	0.23534688742467
"8"	"right"	"safe"	"right"	0.298947562813834
"8"	"right"	"safe"	"right"	0.473582928463523
"8"	"right"	"safe"	"right"	0.432467676415233
"8"	"left"	"safe"	"right"	0.301670212755545
"8"	"right"	"safe"	"right"	0.541223386293251
"8"	"left"	"safe"	"left"	0.320238154264243
"8"	"right"	"safe"	"right"	0.361642565425687
"8"	"right"	"safe"	"right"	0.211449258373001
"8"	"left"	"safe"	"left"	0.715437987903634
"8"	"left"	"safe"	"right"	0.436635863002876
"8"	"right"	"safe"	"right"	0.310416238783738
"8"	"left"	"safe"	"right"	0.933534860661371
"8"	"left"	"threat"	"left"	0.688336526135558
"8"	"right"	"threat"	"right"	0.557318601219491
"8"	"right"	"threat"	"left"	0.333125471226467
"8"	"right"	"threat"	"left"	0.611851453061607
"8"	"left"	"threat"	"left"	0.343909301418446
"8"	"left"	"threat"	"right"	0.566619567883287
"8"	"right"	"threat"	"right"	0.410626596179148
"8"	"right"	"threat"	"right"	0.398601912717293
"8"	"left"	"threat"	"left"	0.252360604694205
"8"	"left"	"threat"	"right"	0.632186945058992
"8"	"right"	"threat"	"left"	0.625337019089754
"8"	"right"	"threat"	"left"	0.356877166315918
"8"	"left"	"threat"	"left"	0.47392529528186
"8"	"left"	"threat"	"left"	0.717937489170818
"8"	"left"	"threat"	"left"	0.311426053122865
"8"	"left"	"threat"	"right"	0.341245686006755
"8"	"right"	"threat"	"right"	0.73448872771288
"8"	"left"	"threat"	"left"	0.390910750129446
"8"	"left"	"threat"	"left"	0.486143906150545
"8"	"left"	"threat"	"left"	0.457450432995946
"8"	"right"	"threat"	"right"	0.389912514245118
"8"	"left"	"threat"	"right"	0.417478715752475
"8"	"left"	"threat"	"left"	0.299908547698156
"8"	"left"	"threat"	"left"	0.422207970975304
"8"	"right"	"threat"	"right"	0.632004682361572
"8"	"left"	"threat"	"left"	0.278524985268797
"8"	"right"	"threat"	"right"	0.620699489982136
"8"	"left"	"threat"	"left"	0.862970858387765
"8"	"right"	"threat"	"left"	0.359130045143634
"8"	"left"	"threat"	"left"	0.36922262491306
"8"	"right"	"threat"	"right"	0.310200329086937
"8"	"right"	"threat"	"left"	1.31141212146809
"8"	"right"	"threat"	"left"	0.469216691721261
"8"	"left"	"threat"	"left"	0.76832584126623
"8"	"right"	"threat"	"right"	0.580530695844159
"8"	"right"	"threat"	"right"	0.480463548452409
"8"	"left"	"threat"	"left"	0.327016949655795
"8"	"left"	"threat"	"left"	0.543039691567453
"8"	"right"	"threat"	"right"	0.314260315021856
"8"	"left"	"threat"	"left"	1.35480894992416
"8"	"left"	"threat"	"left"	1.12018236295308
"8"	"right"	"threat"	"right"	0.499304211825421
"8"	"right"	"threat"	"right"	0.320568075117924
"8"	"right"	"threat"	"left"	0.707135752159216
"8"	"left"	"threat"	"left"	0.802550000593183
"8"	"right"	"threat"	"right"	0.226910877622979
"8"	"left"	"threat"	"right"	1.20279226155843
"8"	"right"	"threat"	"right"	0.92456941630119
"8"	"right"	"threat"	"right"	0.769726657968934
"8"	"right"	"threat"	"right"	0.439147126976332
"8"	"left"	"threat"	"left"	0.443882534327311
"8"	"right"	"threat"	"right"	0.594605922759587
"8"	"right"	"threat"	"left"	0.906885577520867
"8"	"left"	"threat"	"left"	0.710879420043253
"8"	"left"	"threat"	"left"	0.739150824758996
"8"	"right"	"threat"	"right"	1.12345862388977
"8"	"left"	"threat"	"left"	0.542467496354114
"8"	"left"	"threat"	"right"	0.303592493398757
"8"	"right"	"threat"	"right"	1.41519797794568
"8"	"right"	"threat"	"right"	0.479387828280695
"8"	"right"	"threat"	"right"	0.622233659461178
"8"	"right"	"threat"	"left"	0.354810306427071
"8"	"left"	"threat"	"right"	0.28607322208579
"8"	"right"	"threat"	"right"	0.471728378331695
"8"	"left"	"threat"	"left"	0.419382007314824
"8"	"left"	"threat"	"left"	0.607152268199866
"8"	"right"	"threat"	"right"	0.4457343039316
"8"	"left"	"threat"	"left"	0.323730755387217
"8"	"left"	"threat"	"left"	0.489290590351377
"8"	"right"	"threat"	"left"	0.345885846073551
"8"	"left"	"threat"	"right"	0.4325943004994
"8"	"right"	"threat"	"right"	0.396243501861815
"8"	"left"	"threat"	"left"	0.621346684944444
"8"	"left"	"threat"	"left"	0.459094290374667
"8"	"right"	"threat"	"right"	0.672794334931011
"8"	"right"	"threat"	"right"	0.585113628520376
"8"	"left"	"threat"	"right"	0.405060714488399
"8"	"right"	"threat"	"left"	0.677195901675959
"8"	"right"	"threat"	"right"	1.3613451722996
"8"	"left"	"threat"	"right"	0.384465617906235
"8"	"left"	"threat"	"left"	0.461532900841866
"8"	"left"	"threat"	"left"	0.560431171494245
"8"	"left"	"threat"	"left"	1.17171641181422
"8"	"right"	"threat"	"left"	0.57075806726332
"8"	"left"	"threat"	"left"	0.860699405617012
"8"	"right"	"threat"	"right"	0.822894795987649
"8"	"right"	"threat"	"right"	0.922228412535167
"8"	"right"	"threat"	"right"	1.78758323896772
"8"	"left"	"threat"	"right"	1.71108425516584
"8"	"right"	"threat"	"left"	0.422511260745152
"8"	"left"	"threat"	"right"	0.697553862512602
"8"	"left"	"threat"	"left"	1.10152157553172
"8"	"right"	"threat"	"left"	0.576868444488186
"8"	"left"	"threat"	"left"	0.87496353304591
"8"	"right"	"threat"	"right"	0.339502799332578
"8"	"right"	"threat"	"right"	0.435205981110358
"8"	"left"	"threat"	"left"	0.303841184944115
"8"	"right"	"threat"	"right"	0.511769835420013
"8"	"left"	"threat"	"left"	0.474547698048846
"8"	"right"	"threat"	"left"	0.244279756313811
"8"	"right"	"threat"	"right"	0.690651082616753
"8"	"left"	"threat"	"left"	1.1243081625151
"8"	"right"	"threat"	"right"	0.538478354397468
"8"	"right"	"threat"	"left"	0.59343962942122
"8"	"right"	"threat"	"right"	1.06149503325158
"8"	"left"	"threat"	"right"	0.290115399746079
"8"	"left"	"threat"	"left"	0.299774236339126
"8"	"left"	"threat"	"left"	0.440569329501009
"8"	"right"	"threat"	"right"	0.316844677349906
"8"	"right"	"threat"	"right"	0.864479624588524
"8"	"left"	"threat"	"left"	0.489453073920956
"8"	"right"	"threat"	"right"	0.396883613843413
"8"	"left"	"threat"	"right"	0.676497643154122
"8"	"left"	"threat"	"left"	0.264543620586503
"8"	"right"	"threat"	"right"	1.28117591669137
"8"	"left"	"threat"	"left"	0.362176159174649
"8"	"left"	"threat"	"right"	0.423120180565173
"8"	"right"	"threat"	"right"	1.18279522549113
"8"	"left"	"threat"	"left"	0.348047010938516
"8"	"left"	"threat"	"left"	1.79234027704927
"8"	"right"	"threat"	"right"	0.27570274538779
"8"	"left"	"threat"	"left"	1.18890095517348
"8"	"right"	"threat"	"left"	0.384400145985845
"8"	"right"	"threat"	"right"	0.459623814019068
"8"	"left"	"threat"	"left"	0.59828633738579
"8"	"right"	"threat"	"left"	0.391112830533261
"8"	"right"	"threat"	"right"	0.731959043391385
"8"	"right"	"threat"	"right"	0.486078666899882
"8"	"left"	"threat"	"left"	0.323443486357832
"8"	"left"	"threat"	"left"	0.79515805088946
"8"	"right"	"threat"	"right"	1.40390821137202
"8"	"left"	"threat"	"left"	0.477772735803757
"8"	"right"	"threat"	"left"	0.262959435520593
"8"	"left"	"threat"	"right"	1.08178819986735
"8"	"left"	"threat"	"right"	0.282907350900015
"8"	"left"	"threat"	"left"	0.465590040473014
"8"	"right"	"threat"	"right"	0.407913525899599
"8"	"left"	"threat"	"left"	0.701204086472771
"8"	"left"	"threat"	"left"	0.320565610488146
"8"	"right"	"threat"	"right"	0.257278127148193
"8"	"right"	"threat"	"right"	1.96017450047078
"8"	"right"	"threat"	"left"	1.00879992170632
"8"	"right"	"threat"	"right"	0.705071799696441
"8"	"left"	"threat"	"left"	1.44569102457489
"8"	"left"	"threat"	"left"	0.492721593245717
"8"	"left"	"threat"	"left"	0.696320139025194
"8"	"right"	"threat"	"left"	0.369285479299795
"8"	"left"	"threat"	"right"	1.16734271036192
"8"	"left"	"threat"	"right"	0.262602255344885
"8"	"right"	"threat"	"left"	0.338487032378358
"8"	"right"	"threat"	"right"	0.256354086528195
"8"	"right"	"threat"	"right"	0.354130986950346
"8"	"right"	"threat"	"right"	0.342799147096963
"8"	"right"	"threat"	"right"	0.599886971238707
"8"	"left"	"threat"	"left"	0.633275943866492
"8"	"right"	"threat"	"right"	0.451379996323747
"8"	"right"	"threat"	"right"	0.419143696948049
"8"	"right"	"threat"	"right"	0.399342885639415
"8"	"left"	"threat"	"right"	0.756123467996909
"8"	"left"	"threat"	"left"	0.301170031551635
"8"	"right"	"threat"	"left"	1.45507697207484
"8"	"right"	"threat"	"right"	1.65324338325702
"8"	"left"	"threat"	"left"	0.288336837240926
"8"	"left"	"threat"	"left"	0.319343512356408
"8"	"right"	"threat"	"left"	0.242381822436576
"8"	"left"	"threat"	"left"	0.397554880507457
"8"	"left"	"threat"	"left"	0.933837050465979
"8"	"right"	"threat"	"left"	0.794989479862962
"8"	"right"	"threat"	"left"	0.261449527724778
"8"	"right"	"threat"	"right"	0.513027127800027
"8"	"left"	"threat"	"left"	0.40210828946603
"8"	"right"	"threat"	"left"	0.225561908292083
"8"	"right"	"threat"	"right"	0.466623470648657
"8"	"left"	"threat"	"left"	0.468943929185493
"8"	"right"	"threat"	"right"	1.00292787310733
"8"	"right"	"threat"	"right"	0.801758894371489
"8"	"right"	"threat"	"right"	0.304345855872095
"8"	"right"	"threat"	"left"	1.26599003225012
"8"	"left"	"threat"	"left"	0.906866516674005
"8"	"left"	"threat"	"left"	0.246463371063838
"8"	"right"	"threat"	"right"	0.364152393538207
"8"	"left"	"threat"	"left"	0.300881284539161
"8"	"right"	"threat"	"right"	0.255492650102341
"8"	"left"	"threat"	"left"	0.460417108360971
"8"	"left"	"threat"	"right"	0.437692602291504
"8"	"left"	"threat"	"left"	0.436349543780776
"8"	"left"	"threat"	"left"	0.778768112641897
"8"	"right"	"threat"	"right"	0.38496248572489
"8"	"right"	"threat"	"right"	1.24293525283444
"8"	"right"	"threat"	"right"	0.525731752478495
"8"	"right"	"threat"	"right"	0.568746852749824
"8"	"left"	"threat"	"left"	0.309356648681643
"8"	"left"	"threat"	"left"	0.371562122030809
"8"	"right"	"threat"	"left"	0.35287546920062
"8"	"left"	"threat"	"left"	0.393670728481636
"8"	"left"	"threat"	"left"	0.391608931820197
"8"	"left"	"threat"	"left"	0.327687485606974
"8"	"right"	"threat"	"right"	0.714814543331041
"8"	"left"	"threat"	"left"	0.52433617408007
"8"	"left"	"threat"	"left"	0.270273467962116
"8"	"right"	"threat"	"right"	0.428935178848249
"8"	"right"	"threat"	"right"	0.832408957995133
"8"	"left"	"threat"	"left"	1.31012388483451
"8"	"right"	"threat"	"right"	0.459654984770857
"8"	"right"	"threat"	"right"	0.404677030912923
"8"	"left"	"threat"	"left"	0.569197125513444
"8"	"left"	"threat"	"left"	0.269331324799999
"8"	"left"	"threat"	"right"	0.675740932625288
"8"	"right"	"threat"	"right"	0.594215549479655
"8"	"left"	"threat"	"left"	0.575778642732664
"8"	"left"	"threat"	"left"	0.411242006874293
"8"	"left"	"threat"	"right"	0.362351811941531
"8"	"left"	"threat"	"left"	0.365339592183339
"8"	"left"	"threat"	"right"	0.393870314393014
"8"	"left"	"threat"	"left"	0.453368133003324
"8"	"right"	"threat"	"right"	0.847155785137209
"8"	"right"	"threat"	"left"	0.408281225251061
"8"	"right"	"threat"	"right"	0.411897007222876
"8"	"left"	"threat"	"left"	0.230609832654834
"8"	"right"	"threat"	"right"	0.365448418006675
"8"	"left"	"threat"	"left"	0.460048037544033
"8"	"right"	"threat"	"right"	0.296633136486578
"8"	"right"	"threat"	"right"	1.00518899652931
"8"	"right"	"threat"	"right"	0.690221336855533
"8"	"right"	"threat"	"right"	0.979145561583988
"8"	"right"	"threat"	"right"	0.744657845703086
"8"	"left"	"threat"	"left"	0.453673821502455
"8"	"left"	"threat"	"left"	1.07154640188114
"8"	"left"	"threat"	"left"	0.398059881903572
"8"	"left"	"threat"	"left"	0.90473098383192
"9"	"right"	"safe"	"left"	0.20741990815309
"9"	"left"	"safe"	"left"	0.228864479601239
"9"	"left"	"safe"	"right"	0.178783134102898
"9"	"right"	"safe"	"right"	0.174556496758752
"9"	"left"	"safe"	"left"	0.548702430878166
"9"	"right"	"safe"	"left"	0.210695885983206
"9"	"right"	"safe"	"right"	0.239785757915554
"9"	"left"	"safe"	"left"	0.145755408012878
"9"	"right"	"safe"	"right"	0.162731721642653
"9"	"left"	"safe"	"left"	0.167307269582737
"9"	"right"	"safe"	"left"	0.53564073228375
"9"	"left"	"safe"	"left"	0.31434413775188
"9"	"left"	"safe"	"left"	0.208137639673065
"9"	"left"	"safe"	"left"	0.227496723250524
"9"	"right"	"safe"	"right"	0.371375641239325
"9"	"right"	"safe"	"right"	0.25975174905401
"9"	"left"	"safe"	"right"	0.211543729246113
"9"	"right"	"safe"	"right"	0.22732693398199
"9"	"left"	"safe"	"right"	0.168619322786145
"9"	"left"	"safe"	"left"	0.257916285973606
"9"	"right"	"safe"	"right"	0.367791296308037
"9"	"left"	"safe"	"left"	0.314178220551927
"9"	"right"	"safe"	"right"	0.20515826957296
"9"	"left"	"safe"	"left"	0.129625501421746
"9"	"left"	"safe"	"right"	0.208005747678318
"9"	"left"	"safe"	"right"	0.170943632447264
"9"	"right"	"safe"	"right"	0.234603763760337
"9"	"right"	"safe"	"left"	0.151521190943515
"9"	"left"	"safe"	"right"	0.187166924260965
"9"	"left"	"safe"	"right"	0.386246511138795
"9"	"left"	"safe"	"left"	0.228060108326045
"9"	"left"	"safe"	"left"	0.193890877621558
"9"	"right"	"safe"	"right"	0.204381869203533
"9"	"right"	"safe"	"right"	0.148467994296259
"9"	"left"	"safe"	"left"	0.244728607963775
"9"	"right"	"safe"	"right"	0.209592971915718
"9"	"right"	"safe"	"right"	0.363206993869114
"9"	"left"	"safe"	"right"	0.189916232078732
"9"	"right"	"safe"	"left"	0.213677168973993
"9"	"right"	"safe"	"right"	0.219460670642605
"9"	"right"	"safe"	"right"	0.177730454233335
"9"	"left"	"safe"	"right"	0.137475110663558
"9"	"right"	"safe"	"right"	0.171836621257838
"9"	"right"	"safe"	"right"	0.324256697297254
"9"	"left"	"safe"	"left"	0.183309521886775
"9"	"right"	"safe"	"right"	0.140936430361684
"9"	"left"	"safe"	"left"	0.157279759568432
"9"	"left"	"safe"	"right"	0.487796838355979
"9"	"right"	"safe"	"left"	0.173380704789921
"9"	"right"	"safe"	"right"	0.323734637177791
"9"	"right"	"safe"	"right"	0.25448977955768
"9"	"left"	"safe"	"right"	0.165249725674247
"9"	"right"	"safe"	"right"	0.209605707050798
"9"	"right"	"safe"	"right"	0.204120798387317
"9"	"right"	"safe"	"left"	0.272872110920437
"9"	"left"	"safe"	"left"	0.350071360896472
"9"	"right"	"safe"	"right"	0.150802085353438
"9"	"right"	"safe"	"left"	0.181677098489482
"9"	"right"	"safe"	"right"	0.160143596305909
"9"	"right"	"safe"	"right"	0.169493333547912
"9"	"right"	"safe"	"right"	0.326959160084901
"9"	"right"	"safe"	"right"	0.236485129077103
"9"	"left"	"safe"	"right"	0.136557034042761
"9"	"left"	"safe"	"left"	0.245515063344158
"9"	"right"	"safe"	"right"	0.164181635267317
"9"	"right"	"safe"	"right"	0.212898101375038
"9"	"left"	"safe"	"left"	0.135135680609661
"9"	"right"	"safe"	"right"	0.366891477949144
"9"	"right"	"safe"	"right"	0.242802032149078
"9"	"right"	"safe"	"left"	0.361228123804647
"9"	"right"	"safe"	"right"	0.256664569706889
"9"	"left"	"safe"	"right"	0.192133549733798
"9"	"right"	"safe"	"right"	0.436929578029859
"9"	"right"	"safe"	"right"	0.491664808984717
"9"	"right"	"safe"	"right"	0.195476163687686
"9"	"right"	"safe"	"right"	0.217740499290653
"9"	"left"	"safe"	"left"	0.216156768469428
"9"	"right"	"safe"	"left"	0.283231646925901
"9"	"right"	"safe"	"left"	0.181576299664751
"9"	"left"	"safe"	"right"	0.259199100392816
"9"	"left"	"safe"	"left"	0.174482411539939
"9"	"left"	"safe"	"left"	0.421281285255511
"9"	"left"	"safe"	"left"	0.423402235718427
"9"	"left"	"safe"	"right"	0.16126180094193
"9"	"left"	"safe"	"right"	0.206044741864591
"9"	"right"	"safe"	"right"	0.522606888294026
"9"	"right"	"safe"	"left"	0.247502274882713
"9"	"right"	"safe"	"right"	0.235005100248299
"9"	"right"	"safe"	"right"	0.31539867153314
"9"	"left"	"safe"	"left"	0.187420647423971
"9"	"left"	"safe"	"left"	0.281315022562416
"9"	"left"	"safe"	"left"	0.15857249861797
"9"	"right"	"safe"	"right"	0.15045493191005
"9"	"left"	"safe"	"left"	0.285870485298341
"9"	"right"	"safe"	"right"	0.211660518428243
"9"	"left"	"safe"	"right"	0.157857658050238
"9"	"right"	"safe"	"left"	0.426744479431086
"9"	"left"	"safe"	"left"	0.235921583720576
"9"	"left"	"safe"	"right"	0.219301330609103
"9"	"right"	"safe"	"right"	0.188695500197893
"9"	"right"	"safe"	"left"	0.160064836253486
"9"	"right"	"safe"	"left"	0.227951306430794
"9"	"right"	"safe"	"right"	0.263490160355674
"9"	"right"	"safe"	"left"	0.215854828091707
"9"	"left"	"safe"	"right"	0.17619471792321
"9"	"left"	"safe"	"left"	0.164014416612054
"9"	"right"	"safe"	"right"	0.220113665240709
"9"	"right"	"safe"	"right"	0.261585798499188
"9"	"left"	"safe"	"left"	0.209077402919048
"9"	"left"	"safe"	"left"	0.29341244284327
"9"	"right"	"safe"	"left"	0.138448838893295
"9"	"right"	"safe"	"left"	0.206502390651933
"9"	"right"	"safe"	"right"	0.28865395875201
"9"	"right"	"safe"	"right"	0.154040183953547
"9"	"right"	"safe"	"right"	0.372740106827746
"9"	"left"	"safe"	"left"	0.220702984514856
"9"	"right"	"safe"	"right"	0.201051185222771
"9"	"right"	"safe"	"right"	0.24926422770555
"9"	"left"	"safe"	"right"	0.202664067951384
"9"	"left"	"safe"	"left"	0.347113765956425
"9"	"left"	"safe"	"left"	0.337049800178518
"9"	"right"	"safe"	"right"	0.201920839259454
"9"	"right"	"safe"	"right"	0.187867735005227
"9"	"left"	"safe"	"left"	0.201960084328108
"9"	"right"	"safe"	"right"	0.263251580641039
"9"	"right"	"safe"	"right"	0.167638058423142
"9"	"right"	"safe"	"left"	0.236959130324381
"9"	"right"	"safe"	"right"	0.268467880141233
"9"	"right"	"safe"	"left"	0.146211823338306
"9"	"right"	"safe"	"right"	0.517234454692635
"9"	"left"	"safe"	"right"	0.378000513665536
"9"	"right"	"safe"	"right"	0.296436759090898
"9"	"right"	"safe"	"right"	0.182406884630289
"9"	"right"	"safe"	"right"	0.259537215128454
"9"	"left"	"safe"	"right"	0.284488158106097
"9"	"left"	"safe"	"left"	0.207923376885203
"9"	"right"	"safe"	"left"	0.276249412684626
"9"	"right"	"safe"	"right"	0.185720609508783
"9"	"right"	"safe"	"right"	0.388714154691251
"9"	"left"	"safe"	"left"	0.138243730495473
"9"	"left"	"safe"	"left"	0.15360771153033
"9"	"left"	"safe"	"left"	0.172609612035938
"9"	"right"	"safe"	"right"	0.153838490463944
"9"	"left"	"safe"	"left"	0.182190460554111
"9"	"left"	"safe"	"left"	0.266471967572757
"9"	"right"	"safe"	"right"	0.198008524236186
"9"	"right"	"safe"	"left"	0.196583875247202
"9"	"right"	"safe"	"left"	0.180472729787307
"9"	"right"	"safe"	"left"	0.182664696175244
"9"	"left"	"safe"	"left"	0.482875627914689
"9"	"left"	"safe"	"right"	0.23626613352877
"9"	"left"	"safe"	"left"	0.195501881418759
"9"	"left"	"safe"	"left"	0.201208982033356
"9"	"right"	"safe"	"left"	0.238932618995661
"9"	"left"	"safe"	"right"	0.138807380478529
"9"	"left"	"safe"	"right"	0.33994583799962
"9"	"left"	"safe"	"left"	0.191416122106389
"9"	"left"	"safe"	"right"	0.190719448239039
"9"	"left"	"safe"	"left"	0.233169650706457
"9"	"left"	"safe"	"left"	0.2194901021146
"9"	"right"	"safe"	"right"	0.197060652633592
"9"	"left"	"safe"	"left"	0.151629040946627
"9"	"left"	"safe"	"left"	0.194764327403579
"9"	"right"	"safe"	"right"	0.306831040953173
"9"	"right"	"safe"	"right"	0.300364481744829
"9"	"right"	"safe"	"left"	0.262366888061242
"9"	"left"	"safe"	"left"	0.189006761368968
"9"	"left"	"safe"	"left"	0.364728881031257
"9"	"left"	"safe"	"left"	0.184856015947116
"9"	"left"	"safe"	"left"	0.175050111207195
"9"	"right"	"safe"	"right"	0.171715332270119
"9"	"right"	"safe"	"right"	0.432240927791044
"9"	"right"	"safe"	"right"	0.324941070129778
"9"	"right"	"safe"	"right"	0.231278354242587
"9"	"left"	"safe"	"right"	0.308197616456977
"9"	"right"	"safe"	"right"	0.247521349816296
"9"	"right"	"safe"	"right"	0.15705324353477
"9"	"right"	"safe"	"right"	0.207480961037815
"9"	"left"	"safe"	"left"	0.178333666485538
"9"	"right"	"safe"	"right"	0.179438347735033
"9"	"left"	"safe"	"right"	0.224401799650093
"9"	"right"	"safe"	"right"	0.221536534935859
"9"	"left"	"safe"	"left"	0.30143080189063
"9"	"left"	"safe"	"right"	0.138694621072001
"9"	"right"	"safe"	"left"	0.236320452128015
"9"	"left"	"safe"	"left"	0.164619881722816
"9"	"right"	"safe"	"left"	0.199575677819852
"9"	"left"	"safe"	"left"	0.277720101557645
"9"	"left"	"safe"	"left"	0.146694536508949
"9"	"left"	"safe"	"right"	0.198001844094672
"9"	"left"	"safe"	"left"	0.263184128305104
"9"	"left"	"safe"	"right"	0.135813979428821
"9"	"right"	"safe"	"right"	0.161866499097638
"9"	"left"	"safe"	"left"	0.156154513193127
"9"	"right"	"safe"	"right"	0.28141465012353
"9"	"left"	"safe"	"left"	0.230705975126607
"9"	"left"	"safe"	"left"	0.2659820322229
"9"	"left"	"safe"	"left"	0.182606944796023
"9"	"left"	"safe"	"left"	0.206026781762405
"9"	"left"	"safe"	"left"	0.207094829718478
"9"	"left"	"safe"	"left"	0.200907631091644
"9"	"left"	"safe"	"left"	0.315209773230828
"9"	"right"	"safe"	"left"	0.152571728825953
"9"	"right"	"safe"	"right"	0.149997886810104
"9"	"left"	"safe"	"left"	0.246217939190599
"9"	"right"	"safe"	"right"	0.164785186868192
"9"	"left"	"safe"	"right"	0.325381236620516
"9"	"left"	"safe"	"left"	0.233862960040832
"9"	"right"	"safe"	"left"	0.322838809290722
"9"	"left"	"safe"	"left"	0.236581238826605
"9"	"left"	"safe"	"right"	0.187681482983237
"9"	"left"	"safe"	"right"	0.348889479279697
"9"	"left"	"safe"	"right"	0.225641427190537
"9"	"left"	"safe"	"right"	0.374319676956754
"9"	"left"	"safe"	"left"	0.242423063274374
"9"	"left"	"safe"	"right"	0.170813790128254
"9"	"left"	"safe"	"right"	0.280869421847602
"9"	"right"	"safe"	"right"	0.205020028661325
"9"	"right"	"safe"	"right"	0.17452236269745
"9"	"right"	"safe"	"right"	0.20415365967275
"9"	"left"	"safe"	"left"	0.140070738163579
"9"	"left"	"safe"	"left"	0.140992477050961
"9"	"left"	"safe"	"left"	0.335290706780929
"9"	"left"	"safe"	"right"	0.171149891539174
"9"	"right"	"safe"	"right"	0.330378724301806
"9"	"left"	"safe"	"left"	0.398998685601771
"9"	"left"	"safe"	"right"	0.140564455530163
"9"	"right"	"safe"	"right"	0.132748298523731
"9"	"right"	"safe"	"left"	0.15855913214332
"9"	"left"	"safe"	"left"	0.172374936916483
"9"	"left"	"threat"	"right"	0.2701513035823
"9"	"right"	"threat"	"right"	0.180233470864318
"9"	"right"	"threat"	"right"	0.526835849232704
"9"	"right"	"threat"	"left"	0.210181195254232
"9"	"right"	"threat"	"right"	0.183030209219378
"9"	"right"	"threat"	"right"	0.233798620891822
"9"	"left"	"threat"	"left"	0.357051072761622
"9"	"left"	"threat"	"left"	0.585563487737811
"9"	"left"	"threat"	"left"	0.259362414047538
"9"	"left"	"threat"	"left"	0.219226018868952
"9"	"left"	"threat"	"left"	0.631200636955036
"9"	"left"	"threat"	"left"	0.307442522503406
"9"	"right"	"threat"	"left"	0.276978835393263
"9"	"right"	"threat"	"right"	0.451810612358316
"9"	"left"	"threat"	"left"	0.310388480802067
"9"	"left"	"threat"	"left"	0.472718898764049
"9"	"left"	"threat"	"left"	0.414592117124382
"9"	"right"	"threat"	"left"	0.558822606120958
"9"	"right"	"threat"	"right"	0.150873512159532
"9"	"left"	"threat"	"left"	0.152389850352499
"9"	"left"	"threat"	"right"	0.765212187317499
"9"	"right"	"threat"	"right"	0.303710441296792
"9"	"left"	"threat"	"left"	0.218083807797014
"9"	"right"	"threat"	"right"	0.309330799819851
"9"	"right"	"threat"	"left"	0.177917431873678
"9"	"right"	"threat"	"right"	0.264137549035117
"9"	"right"	"threat"	"left"	0.494603231720724
"9"	"right"	"threat"	"right"	0.410247089945986
"9"	"right"	"threat"	"right"	0.215421017157465
"9"	"left"	"threat"	"left"	0.146640754782641
"9"	"right"	"threat"	"right"	0.24458790284556
"9"	"left"	"threat"	"right"	0.250161153919511
"9"	"left"	"threat"	"left"	0.347845772501
"9"	"right"	"threat"	"right"	0.288001278902491
"9"	"left"	"threat"	"left"	0.216568131317697
"9"	"left"	"threat"	"left"	0.376259309040056
"9"	"left"	"threat"	"right"	0.306260760508632
"9"	"left"	"threat"	"right"	1.03156551958451
"9"	"right"	"threat"	"left"	0.313610134017187
"9"	"left"	"threat"	"left"	0.24404145931203
"9"	"left"	"threat"	"left"	0.971669098701886
"9"	"right"	"threat"	"right"	0.494743872570655
"9"	"right"	"threat"	"left"	0.190802352169991
"9"	"left"	"threat"	"left"	0.355230433297632
"9"	"left"	"threat"	"right"	0.269184618512781
"9"	"right"	"threat"	"right"	0.200401082535044
"9"	"right"	"threat"	"right"	0.179268665900683
"9"	"left"	"threat"	"left"	0.312604379926636
"9"	"left"	"threat"	"left"	0.311021319785457
"9"	"left"	"threat"	"right"	0.218531817899977
"9"	"left"	"threat"	"right"	0.40965690789507
"9"	"left"	"threat"	"right"	0.311117151939541
"9"	"left"	"threat"	"left"	0.203987483530272
"9"	"right"	"threat"	"right"	0.789979749935385
"9"	"right"	"threat"	"right"	0.207046685090623
"9"	"left"	"threat"	"left"	0.170921567300532
"9"	"right"	"threat"	"left"	0.259300715898805
"9"	"left"	"threat"	"left"	0.293661050326145
"9"	"right"	"threat"	"left"	0.259928952792759
"9"	"right"	"threat"	"right"	0.166731786845624
"9"	"right"	"threat"	"left"	0.231132002705246
"9"	"left"	"threat"	"left"	0.43937738176406
"9"	"right"	"threat"	"right"	0.171315274585626
"9"	"right"	"threat"	"left"	0.192688832902177
"9"	"left"	"threat"	"right"	0.266280890106639
"9"	"left"	"threat"	"left"	0.236004287241871
"9"	"right"	"threat"	"left"	0.164268759323314
"9"	"left"	"threat"	"left"	0.225344870587873
"9"	"left"	"threat"	"left"	0.1619167006363
"9"	"left"	"threat"	"left"	0.418258278033998
"9"	"left"	"threat"	"left"	0.286907169076828
"9"	"left"	"threat"	"left"	0.275845539774978
"9"	"right"	"threat"	"right"	0.181070619977425
"9"	"right"	"threat"	"right"	0.183683413152343
"9"	"right"	"threat"	"right"	0.166268227095445
"9"	"right"	"threat"	"left"	0.20068217827893
"9"	"right"	"threat"	"right"	0.700177917299693
"9"	"right"	"threat"	"right"	0.319923116532699
"9"	"left"	"threat"	"left"	0.25240002896962
"9"	"left"	"threat"	"left"	0.621540144256034
"9"	"right"	"threat"	"right"	0.322943001201224
"9"	"right"	"threat"	"right"	0.248741931442112
"9"	"left"	"threat"	"left"	0.154021801967993
"9"	"right"	"threat"	"right"	0.281612498658345
"9"	"left"	"threat"	"left"	0.631924851578355
"9"	"left"	"threat"	"left"	0.233325906012585
"9"	"left"	"threat"	"left"	0.272807573238912
"9"	"right"	"threat"	"left"	0.223560069239842
"9"	"left"	"threat"	"left"	0.649365296164605
"9"	"right"	"threat"	"right"	0.420669630884152
"9"	"left"	"threat"	"right"	0.328909760383242
"9"	"left"	"threat"	"left"	0.189065862462492
"9"	"left"	"threat"	"right"	0.236748815909479
"9"	"left"	"threat"	"right"	0.211584410949309
"9"	"right"	"threat"	"right"	0.398910236296268
"9"	"right"	"threat"	"right"	0.236410198806142
"9"	"right"	"threat"	"right"	0.288896642197523
"9"	"right"	"threat"	"right"	0.290620932282654
"9"	"left"	"threat"	"left"	0.143118934074927
"9"	"left"	"threat"	"right"	0.482478697569929
"9"	"left"	"threat"	"left"	0.172257374458492
"9"	"right"	"threat"	"right"	0.208278622232196
"9"	"left"	"threat"	"left"	0.209610127692387
"9"	"right"	"threat"	"right"	0.288115404250788
"9"	"left"	"threat"	"left"	0.277971087145849
"9"	"right"	"threat"	"left"	0.24149612357908
"9"	"right"	"threat"	"right"	0.281569944542359
"9"	"left"	"threat"	"left"	0.512449366216161
"9"	"right"	"threat"	"right"	0.806550487322367
"9"	"left"	"threat"	"left"	0.419401296786411
"9"	"left"	"threat"	"right"	0.212543767569041
"9"	"right"	"threat"	"right"	0.271811730475786
"9"	"left"	"threat"	"left"	0.178925658292507
"9"	"right"	"threat"	"right"	0.157281121142277
"9"	"right"	"threat"	"right"	0.253104841525882
"9"	"left"	"threat"	"right"	0.245031066305793
"9"	"left"	"threat"	"left"	0.263786506176671
"9"	"right"	"threat"	"right"	0.282879095959647
"9"	"left"	"threat"	"right"	0.411695302002181
"9"	"left"	"threat"	"left"	0.445163074332081
"9"	"left"	"threat"	"left"	0.191699279162718
"9"	"right"	"threat"	"right"	0.282802200876217
"9"	"right"	"threat"	"right"	0.267086809587013
"9"	"left"	"threat"	"left"	0.327324151636854
"9"	"right"	"threat"	"right"	0.213621021460917
"9"	"right"	"threat"	"right"	0.193376469147329
"9"	"right"	"threat"	"right"	0.544875672857086
"9"	"left"	"threat"	"left"	0.392580023252389
"9"	"right"	"threat"	"right"	0.166058928248929
"9"	"right"	"threat"	"left"	0.203414377949335
"9"	"right"	"threat"	"right"	0.275970727763908
"9"	"left"	"threat"	"left"	0.663177467496172
"9"	"left"	"threat"	"right"	0.21600739477135
"9"	"left"	"threat"	"left"	0.387054524759813
"9"	"right"	"threat"	"right"	0.16411104085679
"9"	"right"	"threat"	"left"	0.213578928347466
"9"	"left"	"threat"	"right"	0.367410002955022
"9"	"right"	"threat"	"left"	0.163534848874356
"9"	"left"	"threat"	"left"	0.335958267236072
"9"	"left"	"threat"	"left"	0.255888291527987
"9"	"left"	"threat"	"left"	0.321759661839643
"9"	"left"	"threat"	"left"	0.333835159312741
"9"	"right"	"threat"	"right"	0.248882305197247
"9"	"right"	"threat"	"left"	0.190989394236357
"9"	"right"	"threat"	"right"	0.20162597371576
"9"	"left"	"threat"	"right"	0.231223935371897
"9"	"left"	"threat"	"left"	0.820744824721597
"9"	"left"	"threat"	"left"	0.175518032300333
"9"	"right"	"threat"	"right"	0.197042812706205
"9"	"right"	"threat"	"right"	0.266141995440331
"9"	"left"	"threat"	"right"	0.653409306958104
"9"	"right"	"threat"	"left"	0.346204176794379
"9"	"left"	"threat"	"left"	0.170607806825806
"9"	"left"	"threat"	"left"	0.320090554645869
"9"	"left"	"threat"	"left"	0.207717245732898
"9"	"right"	"threat"	"left"	0.341938831083521
"9"	"left"	"threat"	"left"	0.381204375025929
"9"	"right"	"threat"	"right"	0.298254721779551
"9"	"left"	"threat"	"left"	0.198114429396268
"9"	"right"	"threat"	"right"	0.202689186463976
"9"	"left"	"threat"	"right"	0.670144267287059
"9"	"right"	"threat"	"right"	0.287745725663457
"9"	"right"	"threat"	"right"	0.435251274646504
"9"	"left"	"threat"	"left"	0.32560817159257
"9"	"left"	"threat"	"left"	0.321958396777272
"9"	"right"	"threat"	"right"	0.273370102311395
"9"	"right"	"threat"	"right"	0.185720162135492
"9"	"left"	"threat"	"left"	0.338962816521694
"9"	"right"	"threat"	"left"	0.184442401664184
"9"	"left"	"threat"	"left"	0.182043627847624
"9"	"right"	"threat"	"right"	0.248787113213474
"9"	"left"	"threat"	"left"	0.290858669934222
"9"	"right"	"threat"	"right"	0.382038721861833
"9"	"right"	"threat"	"right"	0.294252179997119
"9"	"right"	"threat"	"right"	0.404096504769738
"9"	"right"	"threat"	"left"	0.218020684330025
"9"	"left"	"threat"	"left"	0.357934741219682
"9"	"right"	"threat"	"left"	0.271088378461714
"9"	"right"	"threat"	"right"	0.33024610691342
"9"	"left"	"threat"	"right"	0.252775761337326
"9"	"left"	"threat"	"left"	0.258334925758864
"9"	"left"	"threat"	"left"	0.695444801099523
"9"	"right"	"threat"	"right"	0.234044480805532
"9"	"right"	"threat"	"left"	0.151330468719143
"9"	"left"	"threat"	"left"	0.211383858909033
"9"	"left"	"threat"	"left"	0.624235651230489
"9"	"left"	"threat"	"right"	0.322562227821687
"9"	"left"	"threat"	"right"	0.202258110692643
"9"	"right"	"threat"	"right"	0.279821842820163
"9"	"left"	"threat"	"left"	0.20443227091315
"9"	"left"	"threat"	"left"	0.401415867765289
"9"	"right"	"threat"	"right"	0.216742895962531
"9"	"right"	"threat"	"right"	0.385531959469807
"9"	"right"	"threat"	"right"	0.164848978742156
"9"	"left"	"threat"	"left"	0.231446547565996
"9"	"right"	"threat"	"right"	0.166212233217194
"9"	"right"	"threat"	"left"	0.187503403776677
"9"	"left"	"threat"	"right"	0.639906770147335
"9"	"left"	"threat"	"left"	0.214869631604359
"9"	"left"	"threat"	"left"	0.435163224278895
"9"	"right"	"threat"	"left"	0.37206801332743
"9"	"left"	"threat"	"left"	0.587000663867949
"9"	"right"	"threat"	"right"	0.354727160552991
"9"	"right"	"threat"	"left"	0.319013099692328
"9"	"left"	"threat"	"left"	0.216589607862745
"9"	"left"	"threat"	"right"	0.231989530112711
"9"	"right"	"threat"	"left"	0.380345340590495
"9"	"right"	"threat"	"right"	0.364625280520779
"9"	"right"	"threat"	"right"	0.255100142178378
"9"	"left"	"threat"	"left"	0.211351299078338
"9"	"left"	"threat"	"left"	0.176019735114855
"9"	"right"	"threat"	"right"	0.418260310265095
"9"	"right"	"threat"	"right"	0.572328977251398
"9"	"right"	"threat"	"left"	0.137737570378821
"9"	"left"	"threat"	"left"	0.276121097395936
"9"	"right"	"threat"	"right"	0.321436613636236
"9"	"right"	"threat"	"left"	0.451481536127296
"9"	"left"	"threat"	"right"	0.255315614741343
"9"	"right"	"threat"	"left"	0.422517738088504
"9"	"left"	"threat"	"left"	0.180674407843406
"9"	"right"	"threat"	"right"	0.300448925937754
"9"	"right"	"threat"	"right"	0.189007528569109
"9"	"right"	"threat"	"right"	0.260524912860621
"9"	"left"	"threat"	"left"	0.394390953858071
"9"	"left"	"threat"	"left"	0.162114059901677
"9"	"right"	"threat"	"left"	0.632343810950481
"9"	"right"	"threat"	"left"	0.252621482747532
"9"	"right"	"threat"	"right"	0.254399397637478
"9"	"right"	"threat"	"right"	0.300673657210588
"9"	"left"	"threat"	"left"	0.418063652581099
"10"	"right"	"safe"	"left"	0.284451775438791
"10"	"left"	"safe"	"left"	0.252894050347981
"10"	"right"	"safe"	"right"	0.34011896711824
"10"	"left"	"safe"	"left"	0.499522581754658
"10"	"right"	"safe"	"left"	0.371096029338873
"10"	"left"	"safe"	"left"	0.243366845378345
"10"	"left"	"safe"	"left"	0.396725333980828
"10"	"right"	"safe"	"right"	0.326612738296261
"10"	"left"	"safe"	"left"	0.280218446003989
"10"	"right"	"safe"	"left"	0.372459551468368
"10"	"right"	"safe"	"right"	0.27864422392409
"10"	"left"	"safe"	"left"	0.390794954925127
"10"	"right"	"safe"	"right"	0.360858854450988
"10"	"left"	"safe"	"left"	0.544247663680216
"10"	"left"	"safe"	"right"	0.454815299265939
"10"	"right"	"safe"	"left"	0.40095256445624
"10"	"right"	"safe"	"right"	0.257088069903206
"10"	"left"	"safe"	"right"	0.241185673914913
"10"	"left"	"safe"	"left"	0.425209398610989
"10"	"left"	"safe"	"right"	0.26434190209642
"10"	"left"	"safe"	"right"	0.670487374304847
"10"	"right"	"safe"	"right"	0.301580437041829
"10"	"left"	"safe"	"right"	0.475102809282069
"10"	"left"	"safe"	"right"	0.272335069264979
"10"	"right"	"safe"	"right"	0.244474728497742
"10"	"left"	"safe"	"right"	0.352660096855182
"10"	"right"	"safe"	"left"	0.296432792436798
"10"	"right"	"safe"	"right"	0.303678220201593
"10"	"left"	"safe"	"left"	0.446084762281443
"10"	"left"	"safe"	"left"	0.542817675340599
"10"	"right"	"safe"	"right"	0.341808319764408
"10"	"right"	"safe"	"right"	0.610730666543028
"10"	"right"	"safe"	"right"	0.272256846782375
"10"	"left"	"safe"	"left"	0.731972063718625
"10"	"right"	"safe"	"left"	0.322454086753153
"10"	"right"	"safe"	"right"	0.30836220854332
"10"	"right"	"safe"	"right"	0.34503063925123
"10"	"left"	"safe"	"right"	0.248061738314707
"10"	"left"	"safe"	"left"	0.240431462341826
"10"	"left"	"safe"	"left"	0.808579314744669
"10"	"left"	"safe"	"left"	0.274298361203385
"10"	"left"	"safe"	"right"	0.284944584291771
"10"	"left"	"safe"	"right"	0.391603812345347
"10"	"right"	"safe"	"right"	0.267465622223399
"10"	"left"	"safe"	"left"	0.39319134400592
"10"	"left"	"safe"	"left"	0.310752286694721
"10"	"left"	"safe"	"right"	0.340922565390047
"10"	"right"	"safe"	"right"	0.347779349013372
"10"	"left"	"safe"	"left"	0.308696658824237
"10"	"left"	"safe"	"left"	0.300297879907004
"10"	"left"	"safe"	"right"	0.670004172845021
"10"	"right"	"safe"	"right"	0.308268786857364
"10"	"left"	"safe"	"left"	0.336750109476202
"10"	"right"	"safe"	"right"	0.356393476262691
"10"	"right"	"safe"	"left"	0.739529530971695
"10"	"right"	"safe"	"right"	0.320347521820089
"10"	"left"	"safe"	"left"	0.305654679539656
"10"	"right"	"safe"	"right"	0.321803779781749
"10"	"right"	"safe"	"right"	0.489660808282834
"10"	"left"	"safe"	"left"	0.344535045500912
"10"	"left"	"safe"	"right"	0.325138095021251
"10"	"left"	"safe"	"left"	0.247659670077788
"10"	"left"	"safe"	"right"	0.283881499420188
"10"	"left"	"safe"	"left"	0.29501132745243
"10"	"left"	"safe"	"left"	0.344562366956402
"10"	"left"	"safe"	"left"	0.411200770999094
"10"	"right"	"safe"	"right"	0.330175471107872
"10"	"left"	"safe"	"left"	0.310598538568224
"10"	"right"	"safe"	"right"	0.39625353208064
"10"	"left"	"safe"	"left"	0.369002282202252
"10"	"right"	"safe"	"right"	0.434168891520899
"10"	"left"	"safe"	"left"	0.437354132963944
"10"	"left"	"safe"	"right"	0.476236899866933
"10"	"left"	"safe"	"right"	0.350314684453264
"10"	"right"	"safe"	"right"	0.260565412382318
"10"	"right"	"safe"	"left"	0.686423066190144
"10"	"right"	"safe"	"right"	0.314549011025858
"10"	"right"	"safe"	"right"	0.251013884992804
"10"	"right"	"safe"	"right"	0.324273237822263
"10"	"left"	"safe"	"left"	0.395197346973561
"10"	"right"	"safe"	"left"	0.243807072074408
"10"	"right"	"safe"	"left"	0.362722927083716
"10"	"right"	"safe"	"right"	0.541021534507554
"10"	"left"	"safe"	"left"	0.363290204398847
"10"	"right"	"safe"	"left"	0.352688834661108
"10"	"left"	"safe"	"right"	0.334534308544342
"10"	"right"	"safe"	"right"	0.627634579467567
"10"	"right"	"safe"	"right"	0.343234093510693
"10"	"right"	"safe"	"left"	0.364753991584451
"10"	"right"	"safe"	"left"	0.595625864679319
"10"	"left"	"safe"	"left"	0.245797544640058
"10"	"right"	"safe"	"right"	0.309182470910186
"10"	"right"	"safe"	"right"	0.256931266866964
"10"	"left"	"safe"	"left"	0.324965566896342
"10"	"left"	"safe"	"left"	0.26325947020721
"10"	"right"	"safe"	"right"	0.313822012000939
"10"	"right"	"safe"	"left"	0.745598392798517
"10"	"right"	"safe"	"right"	0.383151817247388
"10"	"left"	"safe"	"left"	0.269136949432788
"10"	"right"	"safe"	"right"	0.499603877616354
"10"	"left"	"safe"	"right"	0.251114510354042
"10"	"right"	"safe"	"left"	0.261909505517674
"10"	"left"	"safe"	"left"	0.367648256393222
"10"	"right"	"safe"	"right"	0.494230380046954
"10"	"right"	"safe"	"left"	0.296156826294996
"10"	"right"	"safe"	"left"	0.31398795292586
"10"	"left"	"safe"	"right"	0.377351424325435
"10"	"left"	"safe"	"right"	0.538508060692299
"10"	"right"	"safe"	"left"	0.30575275079265
"10"	"left"	"safe"	"left"	0.353540860851161
"10"	"right"	"safe"	"left"	0.257933652082626
"10"	"left"	"safe"	"left"	0.297175902138706
"10"	"left"	"safe"	"left"	0.273775571164051
"10"	"right"	"safe"	"right"	0.401232603061582
"10"	"left"	"safe"	"left"	0.382524718272346
"10"	"right"	"safe"	"left"	0.246944117950136
"10"	"right"	"safe"	"right"	0.286560259608519
"10"	"right"	"safe"	"right"	0.346655408334597
"10"	"right"	"safe"	"left"	0.3305290542276
"10"	"left"	"safe"	"right"	0.299971805765363
"10"	"right"	"safe"	"right"	0.717761229136194
"10"	"right"	"safe"	"left"	0.435225619612383
"10"	"left"	"safe"	"right"	0.562578503351528
"10"	"left"	"safe"	"right"	0.302012634292212
"10"	"left"	"safe"	"left"	0.288302699072429
"10"	"right"	"safe"	"left"	0.247044888219462
"10"	"left"	"safe"	"left"	0.321459060569888
"10"	"right"	"safe"	"left"	0.353226835891718
"10"	"left"	"safe"	"left"	0.569607963870177
"10"	"right"	"safe"	"right"	0.267426762294976
"10"	"left"	"safe"	"left"	0.287780469092479
"10"	"left"	"safe"	"left"	0.254288610680549
"10"	"left"	"safe"	"right"	0.584973203611357
"10"	"left"	"safe"	"left"	1.33935017079066
"10"	"left"	"safe"	"right"	0.589080631732341
"10"	"right"	"safe"	"right"	0.358099064531194
"10"	"right"	"safe"	"left"	0.499347398318013
"10"	"left"	"safe"	"right"	0.36851748546012
"10"	"left"	"safe"	"left"	0.290302386527122
"10"	"right"	"safe"	"left"	0.470830380022559
"10"	"right"	"safe"	"left"	0.246960214097766
"10"	"left"	"safe"	"right"	0.288754468034906
"10"	"right"	"safe"	"left"	0.255021132118278
"10"	"left"	"safe"	"left"	0.270085505536008
"10"	"left"	"safe"	"right"	0.50412736813265
"10"	"left"	"safe"	"right"	0.346424284262553
"10"	"left"	"safe"	"left"	0.360546884378807
"10"	"left"	"safe"	"left"	0.333888797223258
"10"	"left"	"safe"	"left"	0.306123133742441
"10"	"right"	"safe"	"left"	0.351438331764157
"10"	"left"	"safe"	"right"	0.756362306195399
"10"	"left"	"safe"	"right"	0.34128819533602
"10"	"left"	"safe"	"right"	0.322766949205297
"10"	"left"	"safe"	"left"	0.35305803949838
"10"	"right"	"safe"	"right"	0.407761555774186
"10"	"left"	"safe"	"right"	0.404966902540922
"10"	"right"	"safe"	"right"	0.999385564572553
"10"	"right"	"safe"	"right"	0.548366122102628
"10"	"left"	"safe"	"left"	0.310358161367037
"10"	"right"	"safe"	"right"	0.260504584843909
"10"	"left"	"safe"	"left"	0.324260591977467
"10"	"right"	"safe"	"right"	0.426151989880116
"10"	"right"	"safe"	"right"	0.386574591933087
"10"	"right"	"safe"	"right"	0.338443615788864
"10"	"right"	"safe"	"right"	0.315352102403124
"10"	"right"	"safe"	"right"	0.42007137213216
"10"	"right"	"safe"	"right"	0.508139111415076
"10"	"left"	"safe"	"left"	0.370904674676339
"10"	"left"	"safe"	"left"	0.34073300014496
"10"	"right"	"safe"	"left"	0.289376678267399
"10"	"left"	"safe"	"left"	0.358573490673389
"10"	"left"	"safe"	"left"	0.371606132732084
"10"	"left"	"safe"	"left"	0.30823323979727
"10"	"left"	"safe"	"left"	0.307219741545266
"10"	"left"	"safe"	"right"	0.527905268695435
"10"	"right"	"safe"	"right"	0.289727467920462
"10"	"left"	"safe"	"right"	0.466548702089201
"10"	"left"	"safe"	"left"	0.362890183163933
"10"	"right"	"safe"	"right"	0.264687395496784
"10"	"left"	"safe"	"left"	0.293515852501056
"10"	"right"	"safe"	"right"	0.725940815144396
"10"	"right"	"safe"	"left"	0.280535222726425
"10"	"right"	"safe"	"left"	0.357596325935507
"10"	"right"	"safe"	"right"	0.597812954299757
"10"	"left"	"safe"	"right"	0.447784091202864
"10"	"left"	"safe"	"left"	0.298056286733232
"10"	"left"	"safe"	"left"	0.473523933775897
"10"	"right"	"safe"	"left"	0.340748557824427
"10"	"right"	"safe"	"right"	0.302600746632423
"10"	"left"	"safe"	"right"	0.393685264614843
"10"	"right"	"safe"	"right"	0.322662246336521
"10"	"right"	"safe"	"right"	0.295877110089098
"10"	"right"	"safe"	"right"	0.252857973615426
"10"	"right"	"safe"	"right"	0.373608343596356
"10"	"right"	"safe"	"right"	0.344012998554724
"10"	"right"	"safe"	"left"	0.259317443956155
"10"	"right"	"safe"	"right"	0.285508750516185
"10"	"right"	"safe"	"right"	0.259394962152463
"10"	"left"	"safe"	"right"	0.324181631497517
"10"	"left"	"safe"	"left"	0.310193979298398
"10"	"right"	"safe"	"left"	0.429020328291524
"10"	"right"	"safe"	"left"	0.389455921062088
"10"	"left"	"safe"	"left"	0.695992055183794
"10"	"right"	"safe"	"left"	0.617329653880992
"10"	"right"	"safe"	"left"	0.345068922634287
"10"	"right"	"safe"	"right"	0.362183599200817
"10"	"right"	"safe"	"right"	0.281388881196014
"10"	"left"	"safe"	"left"	0.350267137493718
"10"	"left"	"safe"	"left"	0.433536672309767
"10"	"right"	"safe"	"right"	0.37812705013898
"10"	"left"	"safe"	"right"	0.399896509540478
"10"	"right"	"safe"	"right"	0.329515792722763
"10"	"right"	"safe"	"left"	0.528745367717333
"10"	"left"	"safe"	"left"	0.580374626720636
"10"	"right"	"safe"	"right"	1.02256940734771
"10"	"right"	"safe"	"right"	0.259466432576238
"10"	"left"	"safe"	"right"	0.609954820645453
"10"	"left"	"safe"	"right"	0.245757866623036
"10"	"left"	"safe"	"left"	0.256231281311673
"10"	"right"	"safe"	"left"	0.32606802081308
"10"	"left"	"safe"	"left"	0.27184357708715
"10"	"right"	"safe"	"right"	0.582226877830692
"10"	"right"	"safe"	"left"	0.351781411173203
"10"	"left"	"safe"	"left"	0.277976585379594
"10"	"right"	"safe"	"right"	0.532202818687576
"10"	"right"	"safe"	"right"	0.315379622509852
"10"	"left"	"safe"	"right"	0.39689963270286
"10"	"left"	"safe"	"right"	0.324078852893899
"10"	"right"	"safe"	"right"	0.413860799157193
"10"	"left"	"safe"	"left"	0.437174392600866
"10"	"left"	"threat"	"right"	0.88048244426472
"10"	"left"	"threat"	"left"	0.320163837546491
"10"	"left"	"threat"	"left"	0.673937281914004
"10"	"right"	"threat"	"right"	0.523551511067987
"10"	"right"	"threat"	"right"	0.410135421561629
"10"	"right"	"threat"	"left"	0.366969441207572
"10"	"right"	"threat"	"right"	0.325164796117127
"10"	"right"	"threat"	"left"	0.442664705499232
"10"	"left"	"threat"	"left"	0.469408694471356
"10"	"right"	"threat"	"right"	0.292150140044026
"10"	"left"	"threat"	"right"	0.429224457950142
"10"	"right"	"threat"	"right"	0.278133932447783
"10"	"right"	"threat"	"left"	0.821426451921744
"10"	"right"	"threat"	"left"	0.452060870257538
"10"	"left"	"threat"	"left"	0.313471428536188
"10"	"left"	"threat"	"right"	0.267966097438888
"10"	"right"	"threat"	"left"	0.649441234064875
"10"	"right"	"threat"	"right"	0.564539225534189
"10"	"left"	"threat"	"left"	0.556483146366717
"10"	"right"	"threat"	"right"	0.440628488538254
"10"	"left"	"threat"	"right"	0.823274674278762
"10"	"left"	"threat"	"left"	1.04878182860163
"10"	"right"	"threat"	"left"	0.595577295398047
"10"	"left"	"threat"	"left"	0.282140602686549
"10"	"right"	"threat"	"right"	0.65775170900572
"10"	"right"	"threat"	"right"	0.354591467743269
"10"	"left"	"threat"	"left"	0.256567287581541
"10"	"right"	"threat"	"left"	0.790262341073072
"10"	"left"	"threat"	"left"	0.494451586464877
"10"	"right"	"threat"	"left"	0.603819884799704
"10"	"left"	"threat"	"left"	0.644544339276365
"10"	"right"	"threat"	"left"	0.298238862102752
"10"	"right"	"threat"	"left"	0.26744817270026
"10"	"right"	"threat"	"right"	0.401818398655889
"10"	"left"	"threat"	"left"	0.411391912626322
"10"	"left"	"threat"	"right"	0.338056261139033
"10"	"right"	"threat"	"right"	0.336694904235624
"10"	"left"	"threat"	"left"	0.529144013154351
"10"	"right"	"threat"	"right"	0.544432870291351
"10"	"right"	"threat"	"right"	0.387363309465841
"10"	"left"	"threat"	"left"	0.310404881276848
"10"	"left"	"threat"	"right"	0.6037820847818
"10"	"left"	"threat"	"left"	0.318325080785733
"10"	"left"	"threat"	"right"	0.285278444228667
"10"	"right"	"threat"	"right"	0.27439781717323
"10"	"left"	"threat"	"left"	0.724671479168995
"10"	"left"	"threat"	"left"	0.349155810710304
"10"	"left"	"threat"	"left"	0.852037391834787
"10"	"left"	"threat"	"right"	0.489672710341685
"10"	"right"	"threat"	"right"	1.29240762423755
"10"	"right"	"threat"	"left"	0.69562748890412
"10"	"right"	"threat"	"right"	0.509096675166773
"10"	"left"	"threat"	"left"	0.336344813318724
"10"	"right"	"threat"	"right"	0.517234805925662
"10"	"left"	"threat"	"left"	0.712795938856491
"10"	"right"	"threat"	"right"	0.86069484947521
"10"	"right"	"threat"	"left"	0.581119040477673
"10"	"right"	"threat"	"right"	0.471444689512837
"10"	"right"	"threat"	"left"	0.245785909701823
"10"	"left"	"threat"	"left"	0.352796954210862
"10"	"right"	"threat"	"right"	0.362195431603418
"10"	"right"	"threat"	"right"	0.805082054291816
"10"	"right"	"threat"	"right"	0.860511325698814
"10"	"right"	"threat"	"left"	0.613936873777889
"10"	"right"	"threat"	"right"	0.265797617343486
"10"	"left"	"threat"	"right"	0.435248216726543
"10"	"left"	"threat"	"left"	0.405109365154792
"10"	"left"	"threat"	"left"	0.524529188068254
"10"	"left"	"threat"	"right"	0.607356419723855
"10"	"left"	"threat"	"left"	1.19743320071429
"10"	"left"	"threat"	"left"	0.267168119737329
"10"	"left"	"threat"	"left"	1.01536913143546
"10"	"right"	"threat"	"left"	0.302872874518249
"10"	"right"	"threat"	"right"	0.285213230095327
"10"	"right"	"threat"	"right"	0.463236418257056
"10"	"left"	"threat"	"left"	0.357094336249965
"10"	"right"	"threat"	"right"	0.494851837445759
"10"	"left"	"threat"	"left"	0.337465244554669
"10"	"left"	"threat"	"left"	0.601243444393318
"10"	"left"	"threat"	"right"	0.504996620907904
"10"	"left"	"threat"	"right"	0.546319827479088
"10"	"right"	"threat"	"right"	0.272093965453703
"10"	"left"	"threat"	"left"	0.516900851427966
"10"	"right"	"threat"	"left"	0.273762958554411
"10"	"right"	"threat"	"right"	0.612554974961071
"10"	"right"	"threat"	"left"	0.53322480176308
"10"	"left"	"threat"	"left"	0.399878257734901
"10"	"right"	"threat"	"right"	0.294495602055429
"10"	"right"	"threat"	"right"	0.826008455831041
"10"	"left"	"threat"	"left"	0.468065455969866
"10"	"right"	"threat"	"left"	0.387181060532621
"10"	"left"	"threat"	"left"	0.518078269812192
"10"	"left"	"threat"	"left"	0.276525335236549
"10"	"right"	"threat"	"left"	0.709199078985015
"10"	"right"	"threat"	"right"	0.554415709208919
"10"	"left"	"threat"	"left"	0.49569221217341
"10"	"left"	"threat"	"left"	0.326800538304995
"10"	"left"	"threat"	"right"	0.882471320369581
"10"	"left"	"threat"	"left"	0.310469256661439
"10"	"right"	"threat"	"right"	0.354783498143787
"10"	"right"	"threat"	"left"	0.455518718590655
"10"	"right"	"threat"	"right"	0.366355723510164
"10"	"right"	"threat"	"left"	0.500538687287598
"10"	"left"	"threat"	"left"	0.355260352456674
"10"	"right"	"threat"	"left"	0.395728163995905
"10"	"left"	"threat"	"left"	0.549441983611374
"10"	"right"	"threat"	"right"	0.628392704345718
"10"	"right"	"threat"	"left"	0.463559054324657
"10"	"left"	"threat"	"right"	0.507850070148743
"10"	"left"	"threat"	"right"	0.444202057639229
"10"	"right"	"threat"	"right"	0.731242403146273
"10"	"right"	"threat"	"right"	0.674669783994434
"10"	"left"	"threat"	"left"	0.303233004341506
"10"	"right"	"threat"	"left"	0.709717105739719
"10"	"right"	"threat"	"left"	0.461246148782682
"10"	"left"	"threat"	"left"	0.349774934408965
"10"	"right"	"threat"	"right"	0.777217361995306
"10"	"right"	"threat"	"right"	0.327801551549952
"10"	"left"	"threat"	"left"	1.591803950323
"10"	"left"	"threat"	"left"	1.05527873548746
"10"	"left"	"threat"	"left"	0.532242407964461
"10"	"left"	"threat"	"left"	0.684870568684276
"10"	"left"	"threat"	"left"	0.544806452058781
"10"	"left"	"threat"	"right"	0.402829468956821
"10"	"left"	"threat"	"left"	0.485683566856174
"10"	"right"	"threat"	"right"	0.33850319204335
"10"	"left"	"threat"	"left"	0.449321499817149
"10"	"right"	"threat"	"right"	0.38249564384239
"10"	"right"	"threat"	"right"	0.296795437628074
"10"	"left"	"threat"	"right"	0.272831797807131
"10"	"left"	"threat"	"left"	0.25339992003755
"10"	"left"	"threat"	"left"	0.468295240093499
"10"	"left"	"threat"	"left"	0.392638437724497
"10"	"left"	"threat"	"left"	0.738383642223087
"10"	"left"	"threat"	"left"	0.285729400695763
"10"	"right"	"threat"	"right"	0.887092247391296
"10"	"left"	"threat"	"right"	0.338270763978978
"10"	"left"	"threat"	"left"	0.500150600056573
"10"	"right"	"threat"	"right"	0.28783835005244
"10"	"left"	"threat"	"right"	0.683388813683044
"10"	"right"	"threat"	"right"	0.327885536566459
"10"	"left"	"threat"	"right"	1.7212343106229
"10"	"left"	"threat"	"left"	1.02666244028675
"10"	"left"	"threat"	"left"	0.266277175442207
"10"	"left"	"threat"	"right"	0.290447163798069
"10"	"left"	"threat"	"left"	0.449679486266947
"10"	"right"	"threat"	"left"	0.351772572922518
"10"	"right"	"threat"	"right"	0.600464524800932
"10"	"right"	"threat"	"right"	0.315225943190043
"10"	"right"	"threat"	"right"	0.625944863791182
"10"	"left"	"threat"	"right"	0.277579677378946
"10"	"right"	"threat"	"left"	0.390702000508175
"10"	"left"	"threat"	"left"	0.413537864104855
"10"	"left"	"threat"	"left"	0.286504495395313
"10"	"right"	"threat"	"right"	0.259812128568729
"10"	"right"	"threat"	"right"	0.616199331067055
"10"	"left"	"threat"	"left"	0.364418220382086
"10"	"left"	"threat"	"left"	0.513881052835409
"10"	"left"	"threat"	"left"	0.416184277773548
"10"	"left"	"threat"	"right"	0.677624350052565
"10"	"left"	"threat"	"left"	0.389891079190045
"10"	"left"	"threat"	"right"	0.289398905974915
"10"	"right"	"threat"	"right"	0.475613641167728
"10"	"left"	"threat"	"left"	0.386128960077462
"10"	"right"	"threat"	"left"	0.42676859505495
"10"	"left"	"threat"	"left"	1.24057994676783
"10"	"right"	"threat"	"left"	0.612043435948337
"10"	"right"	"threat"	"right"	0.640363075721059
"10"	"right"	"threat"	"left"	0.52103711158292
"10"	"left"	"threat"	"right"	0.824823783788795
"10"	"left"	"threat"	"left"	0.658376527978818
"10"	"right"	"threat"	"right"	0.379710840264724
"10"	"left"	"threat"	"left"	0.545109150541496
"10"	"right"	"threat"	"left"	0.735871547828422
"10"	"right"	"threat"	"right"	0.366526345421018
"10"	"right"	"threat"	"left"	0.41232059669235
"10"	"right"	"threat"	"right"	0.776384995601441
"10"	"right"	"threat"	"right"	0.453837692354902
"10"	"right"	"threat"	"right"	0.362597016553437
"10"	"left"	"threat"	"left"	0.424520897417579
"10"	"right"	"threat"	"right"	0.575630060420764
"10"	"left"	"threat"	"right"	0.525379153995112
"10"	"left"	"threat"	"right"	0.810692425889284
"10"	"right"	"threat"	"right"	0.424045672096151
"10"	"right"	"threat"	"right"	0.445043846670657
"10"	"left"	"threat"	"left"	0.310444873067957
"10"	"left"	"threat"	"left"	1.06903954945055
"10"	"right"	"threat"	"right"	1.16339950532191
"10"	"right"	"threat"	"right"	0.463083895945273
"10"	"right"	"threat"	"right"	0.445061628044848
"10"	"right"	"threat"	"left"	0.491186773016723
"10"	"left"	"threat"	"left"	0.317921367606535
"10"	"right"	"threat"	"left"	0.761474258090644
"10"	"right"	"threat"	"right"	0.493794044965695
"10"	"right"	"threat"	"left"	0.558745556538895
"10"	"right"	"threat"	"right"	0.968486458666496
"10"	"left"	"threat"	"left"	0.494626177397798
"10"	"left"	"threat"	"right"	0.324279129666725
"10"	"right"	"threat"	"right"	0.393736674801097
"10"	"left"	"threat"	"left"	0.59855807036212
"10"	"right"	"threat"	"left"	0.397856653600233
"10"	"left"	"threat"	"right"	0.556221721864986
"10"	"right"	"threat"	"right"	0.46904706239168
"10"	"left"	"threat"	"left"	0.767836256545383
"10"	"right"	"threat"	"left"	0.58204263971948
"10"	"right"	"threat"	"left"	0.462747004864693
"10"	"left"	"threat"	"left"	0.399552008859809
"10"	"left"	"threat"	"left"	0.441608187689288
"10"	"left"	"threat"	"left"	0.279215524327706
"10"	"right"	"threat"	"right"	0.366999111927395
"10"	"left"	"threat"	"left"	0.841815340404434
"10"	"left"	"threat"	"right"	0.295458640920279
"10"	"left"	"threat"	"right"	0.695008626214053
"10"	"right"	"threat"	"left"	0.368793594604001
"10"	"right"	"threat"	"left"	0.640501941163084
"10"	"left"	"threat"	"right"	0.281099060096064
"10"	"right"	"threat"	"right"	0.377315445903901
"10"	"left"	"threat"	"left"	0.676553954306864
"10"	"left"	"threat"	"left"	0.416877494400612
"10"	"left"	"threat"	"left"	1.01392731722998
"10"	"right"	"threat"	"right"	0.388557168672783
"10"	"right"	"threat"	"left"	0.468159955216764
"10"	"right"	"threat"	"right"	0.584283287187237
"10"	"left"	"threat"	"right"	0.586208998991322
"10"	"right"	"threat"	"right"	0.325942880885995
"10"	"left"	"threat"	"right"	0.470677607082973
"10"	"left"	"threat"	"right"	1.01893387772952
"10"	"right"	"threat"	"right"	0.306708054002108
"10"	"right"	"threat"	"left"	0.540914873824407
"10"	"right"	"threat"	"right"	0.882644619881166
"11"	"left"	"safe"	"right"	0.59874881739847
"11"	"right"	"safe"	"right"	0.246869426435285
"11"	"right"	"safe"	"left"	0.54575872578651
"11"	"right"	"safe"	"right"	0.37705431264942
"11"	"left"	"safe"	"left"	0.223540139056915
"11"	"right"	"safe"	"left"	0.640800857539092
"11"	"left"	"safe"	"left"	0.635838103467857
"11"	"right"	"safe"	"left"	0.245164190747636
"11"	"right"	"safe"	"left"	0.671898932712044
"11"	"right"	"safe"	"left"	0.331359479793139
"11"	"right"	"safe"	"left"	0.547730637134378
"11"	"right"	"safe"	"right"	0.446125680823539
"11"	"right"	"safe"	"right"	0.388249034642806
"11"	"left"	"safe"	"left"	0.4044485037138
"11"	"right"	"safe"	"right"	0.246608286116869
"11"	"left"	"safe"	"right"	0.323845725941835
"11"	"left"	"safe"	"right"	0.632878270077938
"11"	"left"	"safe"	"left"	0.381377231733649
"11"	"left"	"safe"	"left"	0.417574967687779
"11"	"left"	"safe"	"right"	0.223962548440486
"11"	"left"	"safe"	"left"	0.291486585766453
"11"	"right"	"safe"	"left"	0.280610663439377
"11"	"right"	"safe"	"left"	0.26367965088792
"11"	"right"	"safe"	"right"	0.478647615854248
"11"	"right"	"safe"	"left"	0.856318077410166
"11"	"left"	"safe"	"right"	0.30569622087091
"11"	"left"	"safe"	"left"	0.424104560330216
"11"	"right"	"safe"	"left"	0.242243701118768
"11"	"left"	"safe"	"left"	0.347876319110386
"11"	"left"	"safe"	"left"	0.241962907758473
"11"	"right"	"safe"	"right"	0.24074038791442
"11"	"right"	"safe"	"right"	0.310512455423437
"11"	"left"	"safe"	"left"	0.322034157795772
"11"	"left"	"safe"	"left"	0.402318083398557
"11"	"right"	"safe"	"right"	0.489462873187872
"11"	"right"	"safe"	"left"	0.401715077112223
"11"	"right"	"safe"	"right"	0.545760139459074
"11"	"right"	"safe"	"left"	0.567317789258399
"11"	"right"	"safe"	"left"	0.260182326693239
"11"	"right"	"safe"	"left"	0.334868368782871
"11"	"left"	"safe"	"left"	0.489950803242607
"11"	"left"	"safe"	"left"	0.483634952397149
"11"	"right"	"safe"	"left"	0.290944939888725
"11"	"left"	"safe"	"left"	0.263212400973921
"11"	"right"	"safe"	"left"	0.242640525443666
"11"	"left"	"safe"	"left"	0.256690327029256
"11"	"right"	"safe"	"right"	0.291412020446776
"11"	"left"	"safe"	"right"	0.47966896322059
"11"	"right"	"safe"	"left"	0.248864785686318
"11"	"left"	"safe"	"right"	0.331916949452516
"11"	"left"	"safe"	"left"	0.290217293657596
"11"	"left"	"safe"	"left"	0.596190650457158
"11"	"left"	"safe"	"right"	0.248959797481759
"11"	"right"	"safe"	"left"	0.879772506324162
"11"	"right"	"safe"	"right"	0.239653356722239
"11"	"left"	"safe"	"left"	0.242000376188582
"11"	"right"	"safe"	"right"	0.308461306296662
"11"	"left"	"safe"	"left"	0.367978120914782
"11"	"right"	"safe"	"left"	0.804578625388508
"11"	"right"	"safe"	"right"	0.390773483723586
"11"	"left"	"safe"	"right"	0.462807827216679
"11"	"left"	"safe"	"right"	0.312904061155637
"11"	"left"	"safe"	"left"	0.213375195193921
"11"	"right"	"safe"	"right"	0.324384035905477
"11"	"right"	"safe"	"right"	0.263556358239212
"11"	"left"	"safe"	"left"	0.280213006320116
"11"	"right"	"safe"	"right"	0.806889753581405
"11"	"left"	"safe"	"left"	0.328920335618853
"11"	"left"	"safe"	"left"	0.344695799371992
"11"	"right"	"safe"	"left"	0.303732150661239
"11"	"left"	"safe"	"left"	0.305149856162703
"11"	"right"	"safe"	"right"	0.246818979691596
"11"	"right"	"safe"	"right"	0.253016017737174
"11"	"right"	"safe"	"left"	0.692909156052171
"11"	"left"	"safe"	"right"	0.340871912749185
"11"	"left"	"safe"	"right"	0.344297683777608
"11"	"right"	"safe"	"left"	1.06963937690321
"11"	"right"	"safe"	"left"	0.594290403313652
"11"	"left"	"safe"	"left"	0.360332958528795
"11"	"left"	"safe"	"left"	0.666409222080755
"11"	"left"	"safe"	"left"	0.258615287010762
"11"	"right"	"safe"	"right"	0.384774253818068
"11"	"left"	"safe"	"left"	0.399522205113381
"11"	"right"	"safe"	"left"	0.286144558705752
"11"	"left"	"safe"	"left"	0.688879376653731
"11"	"left"	"safe"	"left"	0.460168198629956
"11"	"right"	"safe"	"right"	0.443816695334268
"11"	"left"	"safe"	"left"	0.260727577992235
"11"	"left"	"safe"	"right"	0.231484862509253
"11"	"left"	"safe"	"left"	0.48500712992162
"11"	"right"	"safe"	"left"	0.283080673209315
"11"	"right"	"safe"	"right"	0.36666926755835
"11"	"left"	"safe"	"right"	0.427056650355935
"11"	"right"	"safe"	"left"	0.337288449551692
"11"	"right"	"safe"	"right"	0.378157111405049
"11"	"left"	"safe"	"left"	0.663977269427899
"11"	"right"	"safe"	"right"	0.492113001624137
"11"	"right"	"safe"	"right"	0.268863951157136
"11"	"left"	"safe"	"right"	0.474211354184518
"11"	"left"	"safe"	"left"	0.22464669544496
"11"	"right"	"safe"	"right"	0.237594754474591
"11"	"right"	"safe"	"left"	0.252527785550334
"11"	"left"	"safe"	"right"	0.296030067181256
"11"	"left"	"safe"	"left"	0.649274955426611
"11"	"right"	"safe"	"left"	0.561234521680603
"11"	"right"	"safe"	"right"	0.489940396665399
"11"	"left"	"safe"	"left"	0.258330772023912
"11"	"right"	"safe"	"left"	0.97769777515746
"11"	"left"	"safe"	"left"	0.237048092802572
"11"	"right"	"safe"	"right"	0.311497463678937
"11"	"right"	"safe"	"left"	0.216288126799708
"11"	"right"	"safe"	"left"	0.420690106208417
"11"	"right"	"safe"	"right"	0.494648449700479
"11"	"right"	"safe"	"left"	0.236314582317577
"11"	"left"	"safe"	"right"	0.229510935170427
"11"	"left"	"safe"	"left"	0.402053309836572
"11"	"right"	"safe"	"left"	0.336394791095541
"11"	"right"	"safe"	"right"	0.265133252934697
"11"	"left"	"safe"	"left"	0.280010669591951
"11"	"left"	"safe"	"left"	0.557262464370666
"11"	"right"	"safe"	"right"	0.225729963256265
"11"	"right"	"safe"	"right"	0.375137513933092
"11"	"left"	"safe"	"left"	0.375959125348373
"11"	"left"	"safe"	"right"	0.645946291237493
"11"	"left"	"safe"	"left"	0.280246841077902
"11"	"right"	"safe"	"right"	0.32859387829092
"11"	"left"	"safe"	"right"	0.446509050956724
"11"	"left"	"safe"	"right"	0.644334829613882
"11"	"right"	"safe"	"left"	0.258470954928513
"11"	"right"	"safe"	"right"	0.336623603695101
"11"	"right"	"safe"	"left"	0.507937463343281
"11"	"left"	"safe"	"right"	0.279132783757535
"11"	"left"	"safe"	"right"	0.349430077161356
"11"	"right"	"safe"	"right"	0.417211240335362
"11"	"right"	"safe"	"right"	0.242622238933244
"11"	"left"	"safe"	"right"	0.276315872252524
"11"	"right"	"safe"	"right"	0.329947190648513
"11"	"right"	"safe"	"right"	0.507022252391426
"11"	"right"	"safe"	"right"	0.276309301519941
"11"	"right"	"safe"	"right"	0.726570697159741
"11"	"right"	"safe"	"right"	0.651416402303582
"11"	"left"	"safe"	"left"	0.509528023496449
"11"	"left"	"safe"	"left"	0.731551333307199
"11"	"left"	"safe"	"left"	0.431256105201082
"11"	"right"	"safe"	"right"	0.465129757121839
"11"	"left"	"safe"	"left"	0.580505870325604
"11"	"left"	"safe"	"right"	0.552220354531629
"11"	"right"	"safe"	"right"	0.311279158619649
"11"	"left"	"safe"	"left"	0.65264209850287
"11"	"left"	"safe"	"left"	0.76475850238038
"11"	"left"	"safe"	"left"	0.369809517107911
"11"	"left"	"safe"	"left"	0.320050665426227
"11"	"left"	"safe"	"left"	0.242456865032169
"11"	"right"	"safe"	"right"	0.533233233367925
"11"	"right"	"safe"	"left"	0.489827588329205
"11"	"left"	"safe"	"right"	1.09465111270699
"11"	"left"	"safe"	"left"	0.324584255553961
"11"	"right"	"safe"	"left"	0.64832766253914
"11"	"right"	"safe"	"right"	0.272250250040581
"11"	"left"	"safe"	"left"	0.294726362457099
"11"	"left"	"safe"	"right"	0.421431637629744
"11"	"left"	"safe"	"left"	0.401077648762879
"11"	"left"	"safe"	"left"	0.351622447078589
"11"	"right"	"safe"	"right"	0.225068211435672
"11"	"right"	"safe"	"right"	0.274591557172502
"11"	"right"	"safe"	"left"	0.307017871012038
"11"	"right"	"safe"	"left"	0.331325113380552
"11"	"right"	"safe"	"right"	0.247781693048007
"11"	"right"	"safe"	"right"	0.366304425866053
"11"	"right"	"safe"	"right"	0.346647513511975
"11"	"right"	"safe"	"right"	0.443033941562786
"11"	"right"	"safe"	"left"	0.341332735531395
"11"	"right"	"safe"	"right"	0.375131484449359
"11"	"left"	"safe"	"left"	0.564368437666198
"11"	"left"	"safe"	"right"	0.66057215861392
"11"	"left"	"safe"	"left"	0.280903585879093
"11"	"left"	"safe"	"left"	0.463649061336059
"11"	"right"	"safe"	"left"	0.419222536799308
"11"	"left"	"safe"	"left"	0.629066035819868
"11"	"left"	"safe"	"left"	0.369161948612346
"11"	"right"	"safe"	"left"	0.357935245156252
"11"	"left"	"safe"	"right"	0.240816965580008
"11"	"right"	"safe"	"right"	0.323746101275369
"11"	"right"	"safe"	"right"	0.308178720496336
"11"	"left"	"safe"	"right"	0.307170010785779
"11"	"left"	"safe"	"left"	0.315609399597503
"11"	"left"	"safe"	"left"	0.340805775279029
"11"	"left"	"safe"	"left"	0.234345004690527
"11"	"left"	"safe"	"right"	0.31731859851408
"11"	"left"	"safe"	"right"	0.419936231974852
"11"	"right"	"safe"	"left"	0.324608749982745
"11"	"right"	"safe"	"right"	0.387783159366723
"11"	"left"	"safe"	"right"	0.460442268871906
"11"	"left"	"safe"	"right"	0.467999898659212
"11"	"left"	"safe"	"left"	0.312367633193755
"11"	"right"	"safe"	"right"	0.627969891728121
"11"	"left"	"safe"	"right"	0.291852236741973
"11"	"left"	"safe"	"left"	0.367469344941353
"11"	"right"	"safe"	"left"	0.381771784064144
"11"	"left"	"safe"	"left"	0.324804807307372
"11"	"right"	"safe"	"right"	0.238824384031667
"11"	"left"	"safe"	"right"	0.229396853314454
"11"	"right"	"safe"	"left"	0.241777320373975
"11"	"right"	"safe"	"right"	0.316531449759103
"11"	"left"	"safe"	"left"	0.493084333959559
"11"	"left"	"safe"	"left"	0.315249108140001
"11"	"left"	"safe"	"left"	0.460652352312786
"11"	"right"	"safe"	"right"	0.277794524688671
"11"	"right"	"safe"	"right"	0.306591047499713
"11"	"right"	"safe"	"right"	0.309731792808259
"11"	"left"	"safe"	"left"	0.858285685076584
"11"	"left"	"safe"	"left"	0.327176132423334
"11"	"right"	"safe"	"right"	0.265817961711937
"11"	"right"	"safe"	"right"	0.665349345936274
"11"	"right"	"safe"	"left"	0.627243427000269
"11"	"right"	"safe"	"right"	0.268385966763624
"11"	"left"	"safe"	"left"	0.322705511327485
"11"	"left"	"safe"	"right"	0.436035812837503
"11"	"left"	"safe"	"left"	0.28066301716183
"11"	"right"	"safe"	"left"	0.225785129068453
"11"	"left"	"safe"	"left"	0.260280700598465
"11"	"left"	"safe"	"right"	0.325136214936321
"11"	"left"	"safe"	"left"	0.47834318822787
"11"	"left"	"safe"	"right"	0.26581751214378
"11"	"left"	"safe"	"left"	0.397939901446666
"11"	"right"	"safe"	"left"	0.413519444536483
"11"	"right"	"safe"	"left"	0.229406975021029
"11"	"right"	"safe"	"right"	0.711919142134156
"11"	"left"	"safe"	"left"	0.529161496208238
"11"	"right"	"safe"	"right"	0.249411224691953
"11"	"right"	"threat"	"right"	0.959351403717928
"11"	"right"	"threat"	"right"	0.286306979674374
"11"	"left"	"threat"	"left"	0.889601701031855
"11"	"left"	"threat"	"right"	1.36630161553572
"11"	"right"	"threat"	"right"	0.296286572864448
"11"	"left"	"threat"	"left"	0.562626265428816
"11"	"right"	"threat"	"left"	0.869720747973213
"11"	"right"	"threat"	"right"	1.2404346393481
"11"	"left"	"threat"	"left"	0.380116480926136
"11"	"right"	"threat"	"right"	0.862328116361908
"11"	"left"	"threat"	"left"	0.611268334106322
"11"	"right"	"threat"	"right"	1.0509174114591
"11"	"right"	"threat"	"right"	0.8122374030292
"11"	"right"	"threat"	"right"	0.44868651086617
"11"	"left"	"threat"	"right"	1.02454264022067
"11"	"left"	"threat"	"left"	0.682304848574012
"11"	"left"	"threat"	"left"	1.28341219381607
"11"	"right"	"threat"	"right"	1.59913050310321
"11"	"left"	"threat"	"left"	0.714288391140318
"11"	"right"	"threat"	"right"	0.502060635688987
"11"	"right"	"threat"	"right"	0.429306540317632
"11"	"left"	"threat"	"left"	1.23413331676467
"11"	"left"	"threat"	"right"	0.467629270428442
"11"	"right"	"threat"	"right"	1.93935141790232
"11"	"left"	"threat"	"left"	0.877333815897639
"11"	"left"	"threat"	"left"	1.63854109705615
"11"	"left"	"threat"	"right"	0.362906696374417
"11"	"left"	"threat"	"right"	0.973474711311973
"11"	"left"	"threat"	"left"	0.833044522673591
"11"	"right"	"threat"	"right"	0.678102012268344
"11"	"left"	"threat"	"left"	0.655825652717867
"11"	"right"	"threat"	"right"	0.4883526708403
"11"	"right"	"threat"	"right"	0.809270424207367
"11"	"left"	"threat"	"left"	0.924441214326396
"11"	"left"	"threat"	"left"	1.32163437342409
"11"	"right"	"threat"	"right"	0.605303333037078
"11"	"left"	"threat"	"left"	0.60436428466925
"11"	"left"	"threat"	"right"	0.328713508166153
"11"	"right"	"threat"	"left"	1.46402762772212
"11"	"left"	"threat"	"left"	0.808846851143408
"11"	"left"	"threat"	"right"	0.450591442129671
"11"	"left"	"threat"	"left"	0.872893942389875
"11"	"left"	"threat"	"left"	0.448439126186691
"11"	"right"	"threat"	"left"	0.539374194794793
"11"	"right"	"threat"	"right"	0.429642099346647
"11"	"right"	"threat"	"left"	0.664746434206507
"11"	"right"	"threat"	"right"	0.508545968150695
"11"	"left"	"threat"	"left"	0.638024582690526
"11"	"right"	"threat"	"right"	0.334087996810199
"11"	"left"	"threat"	"left"	0.458826949186279
"11"	"left"	"threat"	"left"	0.98542118777619
"11"	"right"	"threat"	"left"	0.336032680262604
"11"	"left"	"threat"	"right"	0.486004066534232
"11"	"right"	"threat"	"right"	0.334533991605136
"11"	"left"	"threat"	"left"	0.516572313035051
"11"	"left"	"threat"	"left"	0.261470558880387
"11"	"right"	"threat"	"right"	0.71476125785816
"11"	"left"	"threat"	"right"	0.538254611267862
"11"	"left"	"threat"	"right"	0.274017680108316
"11"	"left"	"threat"	"left"	0.463752935783213
"11"	"left"	"threat"	"left"	0.422396666651329
"11"	"left"	"threat"	"right"	0.640473285908491
"11"	"left"	"threat"	"left"	1.14712331428792
"11"	"left"	"threat"	"right"	0.431397235774468
"11"	"right"	"threat"	"right"	0.81059148081201
"11"	"right"	"threat"	"right"	0.801279061772409
"11"	"right"	"threat"	"right"	0.29930833813336
"11"	"right"	"threat"	"right"	0.544630686464366
"11"	"right"	"threat"	"right"	0.444509345024369
"11"	"left"	"threat"	"left"	0.775881692149189
"11"	"right"	"threat"	"right"	0.499327771302946
"11"	"left"	"threat"	"left"	0.49694297745032
"11"	"right"	"threat"	"right"	0.572315931191809
"11"	"right"	"threat"	"right"	0.613940867163377
"11"	"left"	"threat"	"left"	0.500732306861563
"11"	"right"	"threat"	"right"	0.394672172887321
"11"	"left"	"threat"	"left"	0.524864709235619
"11"	"right"	"threat"	"right"	1.29993232338372
"11"	"right"	"threat"	"left"	0.652871743233061
"11"	"right"	"threat"	"right"	0.640712529789549
"11"	"right"	"threat"	"right"	0.290315499174097
"11"	"right"	"threat"	"right"	0.920501077880328
"11"	"right"	"threat"	"right"	0.276257899852804
"11"	"right"	"threat"	"right"	0.453617541788159
"11"	"left"	"threat"	"left"	0.716127286682732
"11"	"left"	"threat"	"left"	0.980676153855634
"11"	"left"	"threat"	"left"	0.468308544930899
"11"	"right"	"threat"	"right"	0.627206301295125
"11"	"left"	"threat"	"right"	0.981253365154707
"11"	"left"	"threat"	"right"	0.448479053782464
"11"	"left"	"threat"	"right"	0.300033129852454
"11"	"right"	"threat"	"right"	0.271074628482331
"11"	"left"	"threat"	"right"	0.40069194750331
"11"	"right"	"threat"	"right"	0.402976566951606
"11"	"right"	"threat"	"left"	0.887971289234196
"11"	"right"	"threat"	"right"	0.365376529628401
"11"	"left"	"threat"	"left"	0.996064607810712
"11"	"right"	"threat"	"right"	0.345921752401436
"11"	"right"	"threat"	"left"	0.766392663220396
"11"	"right"	"threat"	"right"	0.613702310103151
"11"	"right"	"threat"	"right"	0.324578394057026
"11"	"left"	"threat"	"left"	0.832317703427845
"11"	"right"	"threat"	"left"	0.321611806981309
"11"	"right"	"threat"	"right"	0.59996009104704
"11"	"right"	"threat"	"left"	1.41399151311898
"11"	"right"	"threat"	"right"	0.275784104509143
"11"	"left"	"threat"	"left"	0.596961607845132
"11"	"left"	"threat"	"left"	0.70985707567049
"11"	"right"	"threat"	"right"	0.871150910336767
"11"	"left"	"threat"	"left"	1.47426356202452
"11"	"right"	"threat"	"left"	0.279391948017733
"11"	"left"	"threat"	"left"	0.427112337568711
"11"	"right"	"threat"	"right"	0.265648243712119
"11"	"right"	"threat"	"right"	1.02410040744386
"11"	"left"	"threat"	"right"	0.48975596129834
"11"	"left"	"threat"	"left"	0.296103940136481
"11"	"right"	"threat"	"left"	0.339149654919797
"11"	"right"	"threat"	"right"	0.690435399125089
"11"	"right"	"threat"	"right"	0.563002379800847
"11"	"left"	"threat"	"left"	0.896812594536764
"11"	"left"	"threat"	"right"	0.613154549058068
"11"	"left"	"threat"	"right"	0.562828248662849
"11"	"left"	"threat"	"left"	1.19563207528903
"11"	"left"	"threat"	"right"	0.380620940230921
"11"	"right"	"threat"	"left"	0.457885347078941
"11"	"left"	"threat"	"left"	0.524911616408302
"11"	"left"	"threat"	"right"	0.907387558190235
"11"	"right"	"threat"	"right"	0.59346935202797
"11"	"right"	"threat"	"left"	0.608240567128865
"11"	"right"	"threat"	"left"	0.727298317654753
"11"	"right"	"threat"	"right"	1.07177614260475
"11"	"right"	"threat"	"right"	0.448097802241623
"11"	"left"	"threat"	"left"	0.32368531232993
"11"	"right"	"threat"	"right"	0.33186041914543
"11"	"right"	"threat"	"left"	0.227598650982513
"11"	"right"	"threat"	"right"	0.416169957129955
"11"	"left"	"threat"	"left"	0.268200657767644
"11"	"right"	"threat"	"right"	0.455044388196285
"11"	"left"	"threat"	"left"	0.645091681837048
"11"	"left"	"threat"	"left"	0.591541835195335
"11"	"left"	"threat"	"left"	0.598748763583375
"11"	"left"	"threat"	"left"	0.463678653073595
"11"	"left"	"threat"	"right"	0.441782131216386
"11"	"right"	"threat"	"left"	0.806288150725705
"11"	"left"	"threat"	"left"	0.304929013771201
"11"	"right"	"threat"	"right"	0.819975902787419
"11"	"right"	"threat"	"right"	1.07526339655133
"11"	"right"	"threat"	"right"	0.350609043889674
"11"	"right"	"threat"	"left"	0.410288759863426
"11"	"left"	"threat"	"right"	0.636945130333426
"11"	"left"	"threat"	"right"	1.75484257979238
"11"	"left"	"threat"	"left"	0.879101487485368
"11"	"left"	"threat"	"left"	0.455290508844689
"11"	"left"	"threat"	"right"	0.384144638529796
"11"	"left"	"threat"	"right"	0.799478412465483
"11"	"right"	"threat"	"left"	0.370224707339508
"11"	"right"	"threat"	"right"	0.746696423042088
"11"	"right"	"threat"	"right"	0.400170658136235
"11"	"left"	"threat"	"left"	0.374415945019782
"11"	"right"	"threat"	"left"	1.63106967535319
"11"	"right"	"threat"	"right"	0.37270474501261
"11"	"right"	"threat"	"right"	0.759225119524326
"11"	"left"	"threat"	"left"	0.543561718593972
"11"	"right"	"threat"	"right"	0.590367787681736
"11"	"left"	"threat"	"left"	0.921929234799811
"11"	"left"	"threat"	"right"	0.655244984113338
"11"	"left"	"threat"	"left"	0.793880740879607
"11"	"left"	"threat"	"left"	0.558102281159417
"11"	"right"	"threat"	"left"	1.10292570529503
"11"	"left"	"threat"	"left"	0.477574458662796
"11"	"left"	"threat"	"left"	1.13636142996241
"11"	"left"	"threat"	"left"	0.568554095977793
"11"	"left"	"threat"	"right"	1.03396793921716
"11"	"right"	"threat"	"right"	0.633874914891326
"11"	"right"	"threat"	"left"	2.1547263166742
"11"	"right"	"threat"	"right"	0.36103748047732
"11"	"left"	"threat"	"left"	0.371171687912914
"11"	"right"	"threat"	"right"	0.333924603531038
"11"	"right"	"threat"	"right"	0.407854524544632
"11"	"left"	"threat"	"left"	1.26610712161494
"11"	"right"	"threat"	"left"	0.613004843578519
"11"	"left"	"threat"	"right"	0.553570772814254
"11"	"right"	"threat"	"left"	0.574653309884475
"11"	"right"	"threat"	"right"	0.841073035547848
"11"	"left"	"threat"	"left"	0.4579424885577
"11"	"left"	"threat"	"left"	0.267600830909634
"11"	"left"	"threat"	"right"	0.362283621881874
"11"	"left"	"threat"	"right"	0.371072889626886
"11"	"right"	"threat"	"left"	0.316890512661166
"11"	"left"	"threat"	"left"	0.476171904521976
"11"	"right"	"threat"	"left"	0.654456657772604
"11"	"right"	"threat"	"left"	0.755890541905597
"11"	"left"	"threat"	"left"	0.740355014670841
"11"	"right"	"threat"	"left"	0.84185738203146
"11"	"left"	"threat"	"left"	0.436214029583738
"11"	"right"	"threat"	"right"	0.514667052699472
"11"	"right"	"threat"	"right"	0.404827884436871
"11"	"left"	"threat"	"left"	0.247385106852187
"11"	"right"	"threat"	"right"	0.780214601826011
"11"	"right"	"threat"	"left"	0.545145417564587
"11"	"left"	"threat"	"left"	0.811206778439976
"11"	"right"	"threat"	"left"	0.393843816916893
"11"	"left"	"threat"	"left"	0.887844970499984
"11"	"right"	"threat"	"right"	0.444425664837474
"11"	"right"	"threat"	"right"	0.811624696115484
"11"	"left"	"threat"	"left"	1.27555222871498
"11"	"left"	"threat"	"left"	0.32038861169501
"11"	"left"	"threat"	"left"	0.635233127265725
"11"	"left"	"threat"	"left"	0.337769130370836
"11"	"right"	"threat"	"right"	0.347766116475145
"11"	"right"	"threat"	"right"	0.485463362606913
"11"	"left"	"threat"	"left"	0.503136146816524
"11"	"left"	"threat"	"left"	1.29761102400843
"11"	"right"	"threat"	"right"	1.56934751963487
"11"	"left"	"threat"	"right"	0.315806970217234
"11"	"right"	"threat"	"left"	0.320535770575219
"11"	"left"	"threat"	"left"	0.657083945792264
"11"	"left"	"threat"	"right"	0.351877253881414
"11"	"right"	"threat"	"left"	0.432810565480278
"11"	"right"	"threat"	"right"	0.61453381994626
"11"	"right"	"threat"	"right"	0.997496543650469
"11"	"left"	"threat"	"left"	0.345254408357402
"11"	"right"	"threat"	"right"	0.681880562618789
"11"	"left"	"threat"	"left"	0.467500056701947
"11"	"right"	"threat"	"left"	0.26489788559845
"11"	"left"	"threat"	"left"	0.800656944283161
"11"	"left"	"threat"	"right"	0.475377156577679
"11"	"right"	"threat"	"right"	0.641671129026787
"11"	"left"	"threat"	"right"	1.29360310662616
"11"	"right"	"threat"	"right"	1.02697169717372
"12"	"right"	"safe"	"right"	0.416508177305179
"12"	"left"	"safe"	"left"	0.386238454906059
"12"	"left"	"safe"	"right"	0.363964946401551
"12"	"right"	"safe"	"right"	0.316449818463492
"12"	"left"	"safe"	"left"	0.576166324136349
"12"	"left"	"safe"	"right"	0.397268840612769
"12"	"right"	"safe"	"right"	0.38293962452609
"12"	"right"	"safe"	"right"	0.302893807335109
"12"	"left"	"safe"	"left"	0.287453435386978
"12"	"right"	"safe"	"left"	0.280718922648048
"12"	"left"	"safe"	"left"	0.408087025392849
"12"	"left"	"safe"	"right"	0.270539537575891
"12"	"left"	"safe"	"left"	0.348384887915522
"12"	"left"	"safe"	"right"	0.403669618192387
"12"	"right"	"safe"	"left"	0.512440659242987
"12"	"left"	"safe"	"right"	0.528990045186196
"12"	"left"	"safe"	"right"	0.27424325607602
"12"	"right"	"safe"	"right"	0.367474460210744
"12"	"left"	"safe"	"left"	0.321561101590288
"12"	"right"	"safe"	"right"	0.361581720298717
"12"	"left"	"safe"	"left"	0.331652416322357
"12"	"left"	"safe"	"left"	0.28679293196432
"12"	"left"	"safe"	"left"	0.491354740724846
"12"	"left"	"safe"	"right"	0.295300883500069
"12"	"right"	"safe"	"right"	0.296656330155276
"12"	"left"	"safe"	"left"	0.67070175968209
"12"	"right"	"safe"	"left"	0.37715362996344
"12"	"right"	"safe"	"right"	0.332641987230534
"12"	"left"	"safe"	"left"	0.363093022660084
"12"	"left"	"safe"	"left"	0.614839791414765
"12"	"right"	"safe"	"right"	0.283467141816287
"12"	"right"	"safe"	"right"	0.48850044617431
"12"	"left"	"safe"	"left"	0.425377523092649
"12"	"left"	"safe"	"left"	0.434360096026754
"12"	"left"	"safe"	"left"	0.291945249967447
"12"	"right"	"safe"	"right"	0.355346847432373
"12"	"right"	"safe"	"left"	0.412440202396662
"12"	"left"	"safe"	"left"	0.58714540712894
"12"	"right"	"safe"	"right"	0.320177724706084
"12"	"right"	"safe"	"right"	0.342071579660128
"12"	"right"	"safe"	"right"	0.352285084847181
"12"	"left"	"safe"	"left"	0.279505097506583
"12"	"left"	"safe"	"left"	0.307452547041286
"12"	"left"	"safe"	"right"	0.285095083941519
"12"	"left"	"safe"	"left"	0.409094419772415
"12"	"left"	"safe"	"right"	0.314461955210197
"12"	"right"	"safe"	"right"	0.371773584501094
"12"	"right"	"safe"	"right"	0.641102193531352
"12"	"left"	"safe"	"left"	0.448539117484832
"12"	"right"	"safe"	"right"	0.403383714482828
"12"	"right"	"safe"	"right"	0.314533453133167
"12"	"right"	"safe"	"right"	0.544369921283193
"12"	"right"	"safe"	"right"	0.445108281588105
"12"	"right"	"safe"	"right"	0.422504891239524
"12"	"left"	"safe"	"right"	0.416648849681787
"12"	"right"	"safe"	"left"	0.372609889744557
"12"	"left"	"safe"	"left"	0.632051699758465
"12"	"left"	"safe"	"left"	0.515170751353676
"12"	"right"	"safe"	"right"	0.527235022610069
"12"	"left"	"safe"	"left"	0.275685462150736
"12"	"left"	"safe"	"right"	0.534390293323536
"12"	"right"	"safe"	"right"	0.433520903241864
"12"	"right"	"safe"	"right"	0.44498318442204
"12"	"left"	"safe"	"right"	0.332255286765408
"12"	"right"	"safe"	"right"	0.354819190237678
"12"	"right"	"safe"	"left"	0.518217110888248
"12"	"left"	"safe"	"left"	0.295838324704541
"12"	"left"	"safe"	"right"	0.281310763310253
"12"	"right"	"safe"	"right"	0.334925431508557
"12"	"right"	"safe"	"right"	0.367741204872184
"12"	"right"	"safe"	"right"	0.274496747397111
"12"	"left"	"safe"	"left"	0.304876290200046
"12"	"left"	"safe"	"left"	0.284301111080081
"12"	"left"	"safe"	"left"	0.403160770420312
"12"	"right"	"safe"	"right"	0.33449807010961
"12"	"left"	"safe"	"left"	0.576424944183547
"12"	"right"	"safe"	"right"	0.362338712681818
"12"	"right"	"safe"	"right"	0.420703339968411
"12"	"right"	"safe"	"right"	0.426388669073653
"12"	"right"	"safe"	"right"	0.337373512447435
"12"	"right"	"safe"	"left"	0.3429610481368
"12"	"left"	"safe"	"right"	0.28717961296938
"12"	"right"	"safe"	"right"	0.344583128651459
"12"	"left"	"safe"	"left"	0.684549683448221
"12"	"left"	"safe"	"left"	0.468839674919613
"12"	"right"	"safe"	"right"	0.303678957078758
"12"	"left"	"safe"	"left"	0.30968093413138
"12"	"left"	"safe"	"right"	0.338163911851956
"12"	"left"	"safe"	"right"	0.884312082571084
"12"	"left"	"safe"	"left"	0.302908180644082
"12"	"left"	"safe"	"left"	0.340690996740737
"12"	"right"	"safe"	"left"	0.438904169027034
"12"	"right"	"safe"	"right"	0.356968361928923
"12"	"right"	"safe"	"left"	0.400802103439599
"12"	"right"	"safe"	"right"	0.250851516205154
"12"	"left"	"safe"	"left"	0.322816517740116
"12"	"right"	"safe"	"right"	0.276886416960193
"12"	"right"	"safe"	"right"	0.279272588173819
"12"	"left"	"safe"	"left"	0.342346183521001
"12"	"left"	"safe"	"right"	0.581971609453001
"12"	"right"	"safe"	"left"	0.602667522103551
"12"	"left"	"safe"	"left"	0.492794999068238
"12"	"right"	"safe"	"right"	0.290433924216631
"12"	"left"	"safe"	"left"	0.587618174517742
"12"	"left"	"safe"	"right"	0.456806392875018
"12"	"right"	"safe"	"left"	0.395474669454347
"12"	"right"	"safe"	"left"	0.311499690080845
"12"	"right"	"safe"	"left"	0.349123616770683
"12"	"left"	"safe"	"right"	0.440858782048869
"12"	"right"	"safe"	"right"	0.28220183220317
"12"	"left"	"safe"	"left"	0.256535434718474
"12"	"left"	"safe"	"left"	0.296042597026347
"12"	"right"	"safe"	"right"	0.385786440686456
"12"	"right"	"safe"	"right"	0.675598740818514
"12"	"left"	"safe"	"left"	0.364872701711707
"12"	"left"	"safe"	"left"	0.277074821074045
"12"	"left"	"safe"	"left"	0.742718176727298
"12"	"left"	"safe"	"left"	0.262728792172013
"12"	"left"	"safe"	"left"	0.765971556628671
"12"	"right"	"safe"	"left"	0.285690750616675
"12"	"right"	"safe"	"right"	0.341350186932016
"12"	"right"	"safe"	"right"	0.438441085643728
"12"	"right"	"safe"	"right"	0.374706714992053
"12"	"left"	"safe"	"left"	0.318082890374322
"12"	"right"	"safe"	"left"	0.349335624004515
"12"	"left"	"safe"	"left"	0.329736644563665
"12"	"left"	"safe"	"left"	0.382328404084481
"12"	"left"	"safe"	"left"	0.353971272951728
"12"	"left"	"safe"	"right"	0.277720809896565
"12"	"right"	"safe"	"left"	0.391251234054075
"12"	"right"	"safe"	"left"	0.622861509781423
"12"	"right"	"safe"	"right"	0.365832291433415
"12"	"right"	"safe"	"left"	0.480930072680474
"12"	"right"	"safe"	"right"	0.270414035747865
"12"	"left"	"safe"	"left"	0.993560716515402
"12"	"right"	"safe"	"right"	0.330612165665549
"12"	"right"	"safe"	"right"	0.437906499493605
"12"	"right"	"safe"	"right"	0.624989265365913
"12"	"left"	"safe"	"left"	0.274858334790613
"12"	"left"	"safe"	"left"	0.284272881963458
"12"	"right"	"safe"	"right"	0.333176369348591
"12"	"right"	"safe"	"right"	0.271124410139479
"12"	"left"	"safe"	"left"	0.318154072689713
"12"	"left"	"safe"	"left"	0.270798223456092
"12"	"right"	"safe"	"right"	0.36792691330936
"12"	"right"	"safe"	"left"	0.472764794959361
"12"	"right"	"safe"	"right"	0.26114408108935
"12"	"left"	"safe"	"right"	0.268111716702787
"12"	"left"	"safe"	"left"	0.308364142834634
"12"	"left"	"safe"	"left"	0.294586703743052
"12"	"right"	"safe"	"right"	0.665738667750037
"12"	"right"	"safe"	"right"	0.320768907011517
"12"	"right"	"safe"	"right"	0.343484795022694
"12"	"left"	"safe"	"left"	0.270123695730156
"12"	"right"	"safe"	"left"	0.379354808546299
"12"	"right"	"safe"	"right"	0.289782017435928
"12"	"right"	"safe"	"right"	0.476272660393552
"12"	"left"	"safe"	"left"	0.376171676078473
"12"	"left"	"safe"	"left"	0.501842187818482
"12"	"left"	"safe"	"right"	0.288943821560575
"12"	"right"	"safe"	"left"	0.31089059884758
"12"	"right"	"safe"	"right"	0.267402076552486
"12"	"left"	"safe"	"right"	0.296755533171174
"12"	"right"	"safe"	"left"	0.454855583762981
"12"	"left"	"safe"	"left"	0.36174319572866
"12"	"right"	"safe"	"left"	0.568220513185571
"12"	"left"	"safe"	"left"	0.316971871529617
"12"	"right"	"safe"	"right"	0.371812989543904
"12"	"right"	"safe"	"right"	0.344723997224484
"12"	"left"	"safe"	"left"	0.401574237608788
"12"	"right"	"safe"	"right"	0.338541447160318
"12"	"left"	"safe"	"left"	0.347187070186224
"12"	"left"	"safe"	"right"	0.274256248457602
"12"	"left"	"safe"	"left"	0.79193932616015
"12"	"right"	"safe"	"right"	0.442984125072206
"12"	"left"	"safe"	"right"	0.450530597399058
"12"	"right"	"safe"	"left"	0.386024558486026
"12"	"left"	"safe"	"left"	0.420478025000312
"12"	"left"	"safe"	"left"	0.534329720795286
"12"	"left"	"safe"	"left"	0.335238564466173
"12"	"left"	"safe"	"left"	0.292495552445415
"12"	"right"	"safe"	"right"	0.359106014126441
"12"	"right"	"safe"	"right"	0.37497089451608
"12"	"right"	"safe"	"left"	0.265828575686217
"12"	"left"	"safe"	"left"	0.283564290268932
"12"	"left"	"safe"	"left"	0.348484355092463
"12"	"left"	"safe"	"right"	0.384955406624996
"12"	"left"	"safe"	"right"	0.467501062099606
"12"	"left"	"safe"	"right"	0.310955884168379
"12"	"left"	"safe"	"right"	0.531421838102971
"12"	"left"	"safe"	"right"	0.559274258013623
"12"	"right"	"safe"	"right"	0.47402090112924
"12"	"right"	"safe"	"left"	0.316527651202336
"12"	"left"	"safe"	"left"	0.621987670088624
"12"	"right"	"safe"	"right"	0.398635585845037
"12"	"right"	"safe"	"right"	0.359116061038808
"12"	"left"	"safe"	"left"	0.320128570137335
"12"	"left"	"safe"	"left"	0.610486538522411
"12"	"left"	"safe"	"left"	0.309081828639409
"12"	"left"	"safe"	"left"	0.425796824717214
"12"	"right"	"safe"	"right"	0.404256249535976
"12"	"left"	"safe"	"left"	0.449608078228016
"12"	"left"	"safe"	"left"	0.278188134297345
"12"	"right"	"safe"	"left"	0.328397693528557
"12"	"left"	"safe"	"right"	0.319593826527954
"12"	"right"	"safe"	"right"	0.620462902001256
"12"	"right"	"safe"	"right"	0.513602485537519
"12"	"right"	"safe"	"left"	0.946870482357393
"12"	"left"	"safe"	"left"	0.307031029510858
"12"	"right"	"safe"	"right"	0.556449392419838
"12"	"right"	"safe"	"left"	0.373817967906435
"12"	"left"	"safe"	"left"	0.317322200339366
"12"	"right"	"safe"	"left"	0.427448038932942
"12"	"right"	"safe"	"right"	0.740023613344482
"12"	"right"	"safe"	"right"	0.435703959639785
"12"	"right"	"safe"	"right"	0.279428204275534
"12"	"right"	"safe"	"right"	0.352163977966388
"12"	"right"	"safe"	"left"	0.406781923907176
"12"	"right"	"safe"	"left"	0.56886110410954
"12"	"left"	"safe"	"left"	0.433670288629007
"12"	"left"	"safe"	"left"	0.308957653958917
"12"	"left"	"safe"	"left"	0.405424798538568
"12"	"left"	"safe"	"left"	0.259010606224706
"12"	"left"	"safe"	"right"	0.308013767726501
"12"	"right"	"safe"	"right"	0.380055520428575
"12"	"left"	"safe"	"left"	0.308299112976645
"12"	"right"	"safe"	"left"	0.28989318835126
"12"	"right"	"safe"	"right"	0.308870625375629
"12"	"right"	"safe"	"left"	0.554767743624473
"12"	"right"	"safe"	"left"	0.572878242718794
"12"	"left"	"threat"	"left"	0.689583112023729
"12"	"right"	"threat"	"right"	0.746724231925032
"12"	"left"	"threat"	"left"	0.294982713589629
"12"	"left"	"threat"	"left"	0.401904700952262
"12"	"right"	"threat"	"right"	0.580296706911291
"12"	"right"	"threat"	"right"	0.387132614417996
"12"	"right"	"threat"	"right"	0.622797350310884
"12"	"right"	"threat"	"left"	0.382476371781048
"12"	"right"	"threat"	"right"	0.429234893935629
"12"	"left"	"threat"	"left"	0.315699015417261
"12"	"right"	"threat"	"right"	0.41895456700138
"12"	"right"	"threat"	"right"	0.580114988195016
"12"	"right"	"threat"	"right"	0.328121442379484
"12"	"left"	"threat"	"right"	0.306258618672019
"12"	"left"	"threat"	"right"	0.286115197103958
"12"	"left"	"threat"	"left"	0.38451027987846
"12"	"left"	"threat"	"right"	0.314883790130351
"12"	"right"	"threat"	"right"	0.318257697144001
"12"	"right"	"threat"	"right"	0.300794730648955
"12"	"right"	"threat"	"right"	0.368730109309438
"12"	"right"	"threat"	"left"	0.474520853172276
"12"	"right"	"threat"	"right"	0.7173040312977
"12"	"left"	"threat"	"left"	0.626821429694232
"12"	"right"	"threat"	"right"	0.307008141047871
"12"	"right"	"threat"	"left"	0.368967542665483
"12"	"left"	"threat"	"left"	1.02685584515545
"12"	"right"	"threat"	"right"	0.296017385669453
"12"	"left"	"threat"	"left"	0.573653948509413
"12"	"right"	"threat"	"right"	0.316093282753855
"12"	"right"	"threat"	"right"	0.893664489569971
"12"	"right"	"threat"	"left"	0.28029247651272
"12"	"left"	"threat"	"right"	0.679683955878437
"12"	"left"	"threat"	"right"	0.364171807556026
"12"	"left"	"threat"	"left"	0.41510506752571
"12"	"right"	"threat"	"left"	0.467555593180057
"12"	"left"	"threat"	"left"	0.454558428747047
"12"	"right"	"threat"	"right"	0.350576832787247
"12"	"right"	"threat"	"right"	0.391704022810828
"12"	"left"	"threat"	"left"	0.477081479547535
"12"	"right"	"threat"	"right"	0.354673261149073
"12"	"left"	"threat"	"left"	0.565950177713738
"12"	"left"	"threat"	"right"	0.301350846709046
"12"	"left"	"threat"	"right"	0.344779501968223
"12"	"left"	"threat"	"left"	0.333160809799221
"12"	"left"	"threat"	"left"	0.439670660517805
"12"	"left"	"threat"	"left"	0.589085560113384
"12"	"right"	"threat"	"left"	0.457164467030615
"12"	"left"	"threat"	"left"	0.331981049761069
"12"	"left"	"threat"	"left"	0.446493773564361
"12"	"right"	"threat"	"right"	0.511897802472625
"12"	"right"	"threat"	"right"	0.39561423846123
"12"	"right"	"threat"	"right"	0.362469134935142
"12"	"right"	"threat"	"right"	0.519740367536377
"12"	"right"	"threat"	"right"	0.343690328807467
"12"	"right"	"threat"	"left"	0.427418859786845
"12"	"left"	"threat"	"right"	0.333218561105127
"12"	"left"	"threat"	"left"	0.298208151025713
"12"	"left"	"threat"	"right"	0.601015259487025
"12"	"right"	"threat"	"left"	0.791668012764921
"12"	"right"	"threat"	"right"	0.447923367529203
"12"	"right"	"threat"	"left"	0.2793466933938
"12"	"right"	"threat"	"right"	0.298653765120184
"12"	"right"	"threat"	"right"	0.643404611016182
"12"	"right"	"threat"	"left"	0.399026688692441
"12"	"left"	"threat"	"left"	0.408946132994437
"12"	"right"	"threat"	"right"	0.324996411173827
"12"	"left"	"threat"	"right"	0.314074466358383
"12"	"left"	"threat"	"left"	0.588225286372031
"12"	"left"	"threat"	"left"	0.473510798216858
"12"	"left"	"threat"	"left"	0.298457879173772
"12"	"right"	"threat"	"right"	0.39081181420937
"12"	"left"	"threat"	"left"	0.965225900448294
"12"	"right"	"threat"	"right"	0.307655233064574
"12"	"left"	"threat"	"left"	0.583979011978578
"12"	"left"	"threat"	"left"	0.405080396264914
"12"	"left"	"threat"	"left"	0.464236641159741
"12"	"right"	"threat"	"right"	0.268711764067428
"12"	"left"	"threat"	"left"	0.42825575868968
"12"	"right"	"threat"	"left"	0.323836661327297
"12"	"right"	"threat"	"right"	0.297398936267322
"12"	"right"	"threat"	"right"	0.942546950798409
"12"	"right"	"threat"	"right"	0.369695175166104
"12"	"right"	"threat"	"right"	0.392367752775461
"12"	"right"	"threat"	"right"	0.645734229706866
"12"	"left"	"threat"	"left"	0.39314188522444
"12"	"left"	"threat"	"left"	0.638088714601236
"12"	"left"	"threat"	"right"	0.384980856421093
"12"	"right"	"threat"	"right"	0.320361488520327
"12"	"right"	"threat"	"right"	0.498664664838984
"12"	"left"	"threat"	"left"	0.256691987661272
"12"	"right"	"threat"	"right"	0.27176968760748
"12"	"left"	"threat"	"left"	0.50546372233468
"12"	"right"	"threat"	"right"	0.30021294834465
"12"	"right"	"threat"	"right"	0.60820326792987
"12"	"right"	"threat"	"right"	0.333817641349762
"12"	"right"	"threat"	"left"	0.73070068800941
"12"	"left"	"threat"	"left"	0.280849557338588
"12"	"right"	"threat"	"right"	0.517917063384634
"12"	"left"	"threat"	"left"	0.671453242982813
"12"	"left"	"threat"	"right"	0.514886922722017
"12"	"right"	"threat"	"right"	0.381864572826602
"12"	"right"	"threat"	"right"	0.507010938408985
"12"	"right"	"threat"	"right"	0.463169152425501
"12"	"left"	"threat"	"left"	0.491476037341464
"12"	"left"	"threat"	"left"	0.439399288984021
"12"	"right"	"threat"	"left"	0.888722727474881
"12"	"right"	"threat"	"right"	0.314541924477831
"12"	"left"	"threat"	"left"	0.602235543252912
"12"	"right"	"threat"	"right"	0.283541428260327
"12"	"left"	"threat"	"left"	0.283134520591144
"12"	"left"	"threat"	"left"	0.281472067483069
"12"	"right"	"threat"	"left"	0.343180035091598
"12"	"left"	"threat"	"left"	0.558895936222145
"12"	"right"	"threat"	"right"	0.297903461509522
"12"	"left"	"threat"	"left"	0.400190944986775
"12"	"left"	"threat"	"right"	0.417460666118777
"12"	"left"	"threat"	"left"	0.3807911084632
"12"	"right"	"threat"	"left"	0.38735068853194
"12"	"left"	"threat"	"right"	0.28261064572308
"12"	"left"	"threat"	"left"	0.454084774287855
"12"	"right"	"threat"	"left"	0.371322708863724
"12"	"left"	"threat"	"left"	0.408895517196802
"12"	"left"	"threat"	"right"	0.464881010060747
"12"	"right"	"threat"	"left"	0.304649202793799
"12"	"left"	"threat"	"left"	0.347638638638982
"12"	"right"	"threat"	"right"	0.254888160260899
"12"	"left"	"threat"	"left"	0.316487125483244
"12"	"left"	"threat"	"left"	0.287021082379519
"12"	"left"	"threat"	"right"	0.291063503696864
"12"	"right"	"threat"	"left"	0.293717445584663
"12"	"left"	"threat"	"left"	0.345228779699437
"12"	"right"	"threat"	"left"	0.327256029292758
"12"	"left"	"threat"	"right"	0.298436669465887
"12"	"left"	"threat"	"left"	0.477221516006977
"12"	"left"	"threat"	"right"	0.354215107443088
"12"	"left"	"threat"	"right"	0.396239776914556
"12"	"right"	"threat"	"left"	0.370774105373838
"12"	"left"	"threat"	"left"	0.29354029323406
"12"	"right"	"threat"	"right"	0.339077170120516
"12"	"left"	"threat"	"right"	0.44266420738899
"12"	"left"	"threat"	"left"	0.274961957687704
"12"	"right"	"threat"	"right"	0.501955725444604
"12"	"right"	"threat"	"right"	0.735763712987899
"12"	"left"	"threat"	"left"	0.375673434172813
"12"	"left"	"threat"	"left"	0.570596674158496
"12"	"left"	"threat"	"left"	0.345851514252618
"12"	"right"	"threat"	"left"	0.325577973135788
"12"	"left"	"threat"	"right"	0.335687107851948
"12"	"left"	"threat"	"left"	0.335153668024391
"12"	"right"	"threat"	"right"	0.928998190837892
"12"	"right"	"threat"	"right"	0.288314411584132
"12"	"right"	"threat"	"right"	0.365131283403345
"12"	"left"	"threat"	"right"	0.280975169673801
"12"	"left"	"threat"	"right"	0.350946608672248
"12"	"left"	"threat"	"left"	0.279222380663701
"12"	"right"	"threat"	"right"	0.31651620703922
"12"	"left"	"threat"	"left"	0.469123570529471
"12"	"left"	"threat"	"left"	0.417271683719178
"12"	"left"	"threat"	"left"	0.552911428038248
"12"	"right"	"threat"	"right"	0.439203302410219
"12"	"left"	"threat"	"right"	0.341603788430351
"12"	"right"	"threat"	"right"	0.430950695351407
"12"	"right"	"threat"	"right"	0.532979472283462
"12"	"right"	"threat"	"right"	0.291184201412477
"12"	"left"	"threat"	"left"	0.270614749117091
"12"	"left"	"threat"	"left"	0.394585079315344
"12"	"right"	"threat"	"right"	0.545800196587218
"12"	"left"	"threat"	"left"	0.414080607052498
"12"	"right"	"threat"	"left"	0.370882693899026
"12"	"left"	"threat"	"left"	0.398994449165798
"12"	"right"	"threat"	"right"	0.360493197181698
"12"	"left"	"threat"	"left"	0.55894325065621
"12"	"left"	"threat"	"left"	0.462547233746303
"12"	"right"	"threat"	"left"	0.745630866069713
"12"	"left"	"threat"	"left"	0.337284589137969
"12"	"right"	"threat"	"left"	0.444843765466052
"12"	"left"	"threat"	"left"	0.407672418231879
"12"	"right"	"threat"	"left"	0.372507611348543
"12"	"left"	"threat"	"left"	0.422671874189151
"12"	"right"	"threat"	"left"	0.272159966036217
"12"	"right"	"threat"	"right"	0.321834152905561
"12"	"right"	"threat"	"left"	0.311321638451943
"12"	"right"	"threat"	"right"	0.294445852497661
"12"	"left"	"threat"	"right"	0.272620454739366
"12"	"left"	"threat"	"right"	0.436991287500675
"12"	"right"	"threat"	"right"	0.314323248888184
"12"	"right"	"threat"	"right"	0.383387993361915
"12"	"left"	"threat"	"right"	0.402104682713461
"12"	"left"	"threat"	"left"	0.283317662144664
"12"	"left"	"threat"	"left"	0.599839539641486
"12"	"left"	"threat"	"left"	0.27472742839572
"12"	"left"	"threat"	"left"	0.52724634813241
"12"	"left"	"threat"	"left"	0.339754638573615
"12"	"right"	"threat"	"right"	0.313374895140797
"12"	"right"	"threat"	"right"	0.900880080536546
"12"	"right"	"threat"	"right"	0.751338012294297
"12"	"right"	"threat"	"right"	0.410900271210156
"12"	"right"	"threat"	"right"	0.432199827330952
"12"	"left"	"threat"	"left"	0.349366450664608
"12"	"left"	"threat"	"left"	0.536116614178734
"12"	"right"	"threat"	"right"	0.35297749664903
"12"	"right"	"threat"	"right"	0.352881423161891
"12"	"right"	"threat"	"right"	0.319021810105825
"12"	"left"	"threat"	"left"	0.670965561655397
"12"	"right"	"threat"	"left"	0.605106584743138
"12"	"left"	"threat"	"left"	0.403365040650426
"12"	"left"	"threat"	"left"	1.02567015863145
"12"	"right"	"threat"	"right"	0.282595811753264
"12"	"right"	"threat"	"right"	0.312044860634929
"12"	"left"	"threat"	"left"	0.401217406062678
"12"	"left"	"threat"	"right"	0.254641501784144
"12"	"left"	"threat"	"left"	0.270071081441781
"12"	"right"	"threat"	"left"	0.376843331106147
"12"	"right"	"threat"	"left"	0.318532495971125
"12"	"left"	"threat"	"left"	0.75839283329987
"12"	"right"	"threat"	"right"	0.534234494043993
"12"	"left"	"threat"	"left"	0.320917465758161
"12"	"right"	"threat"	"right"	0.348996342413372
"12"	"left"	"threat"	"left"	0.558262059644171
"12"	"right"	"threat"	"right"	0.337205132880031
"12"	"right"	"threat"	"right"	0.529529193551591
"12"	"right"	"threat"	"right"	0.49196459585289
"12"	"left"	"threat"	"right"	0.276031117665459
"12"	"left"	"threat"	"left"	0.761200384104217
"12"	"left"	"threat"	"left"	0.323954882897066
"12"	"right"	"threat"	"right"	0.309310263651771
"12"	"right"	"threat"	"right"	0.522931789650121
"12"	"right"	"threat"	"right"	0.379862923271881
"12"	"left"	"threat"	"left"	0.324258047199706
"12"	"left"	"threat"	"left"	0.279588663271935
